I'm listing all Buff as Support Type. Will see if I need to change later. Also only list stuff that impacts DPS mostly. I miss non-dps buffs/abilities (and healing amount is also wrong),,,,,,Effect 1: A3 increases S3 and TT skills by 3. A5 increase S1 and S3 by 3. Max skill % only,,,,,,,, Effect 2,,,,,,,, Effect 3,,,,,,,, Effect 4,,,,,,,, Effect 5,,,,,,,, Effect 6,,,,,,,,
Character,Position,Awareness,Name,Type,Behavior,LV10,LV10+Minds 5,LV13,LV13+Minds 5,# of hit/multiplier,Buff/Debuff,Condition,ConditionType,LV10,LV10+Minds 5,LV13,LV13+Minds 5,# of hit/multiplier,Buff/Debuff,Condition (buff name must  match),ConditionType,LV10,LV10+Minds 5,LV13,LV13+Minds 5,# of hit/multiplier,Buff/Debuff,Condition,ConditionType,LV10,LV10+Minds 5,LV13,LV13+Minds 5,# of hit/multiplier,Buff/Debuff,Condition,ConditionType,LV10,LV10+Minds 5,LV13,LV13+Minds 5,# of hit/multiplier,Buff/Debuff,Condition,ConditionType,LV10,LV10+Minds 5,LV13,LV13+Minds 5,# of hit/multiplier,Buff/Debuff,Condition,ConditionType,Note
Okyann,S1,,,,,,,,,,,,,,,,,,,,,,,,,,,,,,,,,,,,,,,,,,,,,,,,,,,,,
Okyann,S2,,,,,,,,,,,,,,,,,,,,,,,,,,,,,,,,,,,,,,,,,,,,,,,,,,,,,
Okyann,S3,,,,,,,,,,,,,,,,,,,,,,,,,,,,,,,,,,,,,,,,,,,,,,,,,,,,,
Okyann,Highlight,,,,,,,,,,,,,,,,,,,,,,,,,,,,,,,,,,,,,,,,,,,,,,,,,,,,,
Okyann,Passive,,,,,,,,,,,,,,,,,,,,,,,,,,,,,,,,,,,,,,,,,,,,,,,,,,,,,
Okyann,Passive,,,,,,,,,,,,,,,,,,,,,,,,,,,,,,,,,,,,,,,,,,,,,,,,,,,,,
Puppet,S1,,,,,,,,,,,,,,,,,,,,,,,,,,,,,,,,,,,,,,,,,,,,,,,,,,,,,
Puppet,S2,,,,,,,,,,,,,,,,,,,,,,,,,,,,,,,,,,,,,,,,,,,,,,,,,,,,,
Puppet,S3,,,,,,,,,,,,,,,,,,,,,,,,,,,,,,,,,,,,,,,,,,,,,,,,,,,,,
Puppet,Highlight,,,,,,,,,,,,,,,,,,,,,,,,,,,,,,,,,,,,,,,,,,,,,,,,,,,,,
Puppet,Passive,,,,,,,,,,,,,,,,,,,,,,,,,,,,,,,,,,,,,,,,,,,,,,,,,,,,,
Puppet,Passive,,,,,,,,,,,,,,,,,,,,,,,,,,,,,,,,,,,,,,,,,,,,,,,,,,,,,
Puppet,,,,,,,,,,,,,,,,,,,,,,,,,,,,,,,,,,,,,,,,,,,,,,,,,,,,,,
Sephia,S1,,,,,,,,,,,,,,,,,,,,,,,,,,,,,,,,,,,,,,,,,,,,,,,,,,,,,
Sephia,S2,,,,,,,,,,,,,,,,,,,,,,,,,,,,,,,,,,,,,,,,,,,,,,,,,,,,,
Sephia,S3,,,,,,,,,,,,,,,,,,,,,,,,,,,,,,,,,,,,,,,,,,,,,,,,,,,,,
Sephia,Highlight,,,,,,,,,,,,,,,,,,,,,,,,,,,,,,,,,,,,,,,,,,,,,,,,,,,,,
Sephia,Passive,,,,,,,,,,,,,,,,,,,,,,,,,,,,,,,,,,,,,,,,,,,,,,,,,,,,,
Sephia,Passive,,,,,,,,,,,,,,,,,,,,,,,,,,,,,,,,,,,,,,,,,,,,,,,,,,,,,
Sephia,,,,,,,,,,,,,,,,,,,,,,,,,,,,,,,,,,,,,,,,,,,,,,,,,,,,,,
Moko,S1,,,,,,,,,,,,,,,,,,,,,,,,,,,,,,,,,,,,,,,,,,,,,,,,,,,,,
Moko,S2,,,,,,,,,,,,,,,,,,,,,,,,,,,,,,,,,,,,,,,,,,,,,,,,,,,,,
Moko,S3,,,,,,,,,,,,,,,,,,,,,,,,,,,,,,,,,,,,,,,,,,,,,,,,,,,,,
Moko,Highlight,,,,,,,,,,,,,,,,,,,,,,,,,,,,,,,,,,,,,,,,,,,,,,,,,,,,,
Moko,Passive,,,,,,,,,,,,,,,,,,,,,,,,,,,,,,,,,,,,,,,,,,,,,,,,,,,,,
Moko,Passive,,,,,,,,,,,,,,,,,,,,,,,,,,,,,,,,,,,,,,,,,,,,,,,,,,,,,
Key,S1,,,,,,,,,,,,,,,,,,,,,,,,,,,,,,,,,,,,,,,,,,,,,,,,,,,,,
Key,S2,,,,,,,,,,,,,,,,,,,,,,,,,,,,,,,,,,,,,,,,,,,,,,,,,,,,,
Key,S3,,,,,,,,,,,,,,,,,,,,,,,,,,,,,,,,,,,,,,,,,,,,,,,,,,,,,
Key,Highlight,,,,,,,,,,,,,,,,,,,,,,,,,,,,,,,,,,,,,,,,,,,,,,,,,,,,,
Key,Passive,,,,,,,,,,,,,,,,,,,,,,,,,,,,,,,,,,,,,,,,,,,,,,,,,,,,,
Key,Passive,,,,,,,,,,,,,,,,,,,,,,,,,,,,,,,,,,,,,,,,,,,,,,,,,,,,,
Yuki,S1,,,,,,,,,,,,,,,,,,,,,,,,,,,,,,,,,,,,,,,,,,,,,,,,,,,,,
Yuki,S2,,,,,,,,,,,,,,,,,,,,,,,,,,,,,,,,,,,,,,,,,,,,,,,,,,,,,
Yuki,S3,,,,,,,,,,,,,,,,,,,,,,,,,,,,,,,,,,,,,,,,,,,,,,,,,,,,,
Yuki,Highlight,,,,,,,,,,,,,,,,,,,,,,,,,,,,,,,,,,,,,,,,,,,,,,,,,,,,,
Yuki,Passive,,,,,,,,,,,,,,,,,,,,,,,,,,,,,,,,,,,,,,,,,,,,,,,,,,,,,
Yuki,Passive,,,,,,,,,,,,,,,,,,,,,,,,,,,,,,,,,,,,,,,,,,,,,,,,,,,,,
Fleuret,S1,A0,Blustering Epee::S1,Wind,Normal,42.9,47.3,44.7,49.1,4,DMG_SKILL_SINGLE,,,,,,,,,,,,,,,,,,,,,,,,,,,,,,,,,,,,,,,,,,,
Fleuret,Buff,A0,Right to Strike(3-5 Stack),Support,,1,1,1,1,,SELF_SKILL_HIT_INC,S3|Highlight,Self Skill|Self Skill,20,20,20,20,,SELF_CRIT_PERC,Right to Strike(5 Stack)&3,Exclusive&Stack,,,,,,,,,,,,,,,,,,,,,,,,,,,,,,,,,
Fleuret,Buff,A1,Right to Strike(3-5 Stack),Support,,1,1,1,1,,SELF_SKILL_HIT_INC,S3|Highlight,Self Skill|Self Skill,20,20,20,20,,SELF_CRIT_PERC,3,Stack,35,35,35,35,,SELF_ATK_PERC,5,Stack,4,4,4,4,,SELF_SPD_PERC,5,Stack,20,20,20,20,,SELF_CRIT_PERC,5,Stack,,,,,,,,,
Fleuret,Buff,A6,Right to Strike(3-5 Stack),Support,,1,1,1,1,,SELF_SKILL_HIT_INC,S3|Highlight,Self Skill|Self Skill,20,20,20,20,,SELF_CRIT_PERC,3,Stack,35,35,35,35,,SELF_ATK_PERC,5,Stack,4,4,4,4,,SELF_SPD_PERC,5,Stack,20,20,20,20,,SELF_CRIT_PERC,5,Stack,1,1,1,1,,SELF_SKILL_HIT_INC,S1|S2|S3,Self Skill|Self Skill|Self Skill,
Fleuret,S2,A0,Graceful Gale::S2,Wind,Normal,24.2,26.6,25.2,27.6,3,DMG_SKILL_AOE,,,,,,,,,,,,,,,,,,,,,,,,,,,,,,,,,,,,,,,,,,,
Fleuret,S3,A0,Saber Surge::S3,Wind,Normal,53.2,58.6,55.4,60.8,3,DMG_SKILL_SINGLE,,,,,,,,,,,,,,,,,,,,,,,,,,,,,,,,,,,,,,,,,,,
Fleuret,Highlight,A0,Highlight,Wind,Normal,58.6,64.6,61,67,4,DMG_SKILL_SINGLE,,,,,,,,,,,,,,,,,,,,,,,,,,,,,,,,,,,,,,,,,,,
Fleuret,Highlight,A4,Highlight,Wind,Normal,58.6,64.6,61,67,4,DMG_SKILL_SINGLE,,,1,1,1,1,,SELF_SKILL_HIT_INC,Right to Strike&3,DBuff&Stack,,,,,,,,,,,,,,,,,,,,,,,,,,,,,,,,,
Fleuret,Passive,A0,Chivalrous Spirit::Passive,Passive,,1,1,1,1,,SELF_SKILL_HIT_INC,Windswept&S3,DBuff&Self Skill,,,,,,,,,,,,,,,,,,,,,,,,,,,,,,,,,,,,,,,,,
Fleuret,Passive,A0,Coup Droit::Passive,Passive,,60,60,60,60,,SELF_DBUFF_CHANCE,,,,,,,,,,,,,,,,,,,,,,,,,,,,,,,,,,,,,,,,,,,
Soy,S1,A0,Icicle Hatchet::S1,Ice,Normal,55.6,61.3,57.9,63.6,,DMG_SKILL_SINGLE,,,,,,,,,,,,,,,,,,,,,,,,,,,,,,,,,,,,,,,,,,,
Soy,S2,A0,Smash Hit::S2,Phys|Support,Normal,56.9,62.8,59.2,65.1,,DMG_SKILL_SINGLE_HP,,,30,30,31.2,31.2,,DEF_DECR_PERC,Desperado,Exclusive,59.9,59.9,62.4,62.4,,DEF_DECR_PERC,Desperado,DBuff,,,,,,,,,,,,,,,,,,,,,,,,,
Soy,S3,A0,Icy Defense::S3,Support,Normal,14100,14100,15600,15600,,PARTY_HP_FLAT,,,16.5,18.2,17.2,18.9,,HEAL_SKILL_AOE,,,,,,,,,,,,,,,,,,,,,,,,,,,,,,,,,,,
Soy,Highlight,A0,Highlight,Ice,Normal,75.4,83.2,78.4,86.2,,DMG_SKILL_SINGLE_HP,,,10.1,11.1,10.5,11.5,,HEAL_SKILL_AOE,,,14100,14100,15600,15600,,PARTY_HP_FLAT,,,,,,,,,,,,,,,,,,,,,,,,,,,
Soy,Buff,A0,Daunting Firepower::Gun,Support,,35,35,35,35,,DEF_DECR_PERC_AOE,Range&Chance,Skill&Chance,,,,,,,,,,,,,,,,,,,,,,,,,,,,,,,,,,,,,,,,,
Soy,Passive,A0,Daunting Firepower,Passive,,0,0,0,0,,NO_VALUE_BUFF,,,,,,,,,,,,,,,,,,,,,,,,,,,,,,,,,,,,,,,,,,,
Soy,Passive,A0,For Your Benefit,Passive,,0,0,0,0,,NO_VALUE_BUFF,,,,,,,,,,,,,,,,,,,,,,,,,,,,,,,,,,,,,,,,,,,
Soy,Buff,A0,Desperado,Support,,0,0,0,0,,NO_VALUE_BUFF,,,,,,,,,,,,,,,,,,,,,,,,,,,,,,,,,,,,,,,,,,,
Mont,S1,A0,,,,,,,,,,,,,,,,,,,,,,,,,,,,,,,,,,,,,,,,,,,,,,,,,,,,
Mont,S2,A0,,,,,,,,,,,,,,,,,,,,,,,,,,,,,,,,,,,,,,,,,,,,,,,,,,,,
Mont,S3,A0,,,,,,,,,,,,,,,,,,,,,,,,,,,,,,,,,,,,,,,,,,,,,,,,,,,,
Mont,Highlight,A0,,,,,,,,,,,,,,,,,,,,,,,,,,,,,,,,,,,,,,,,,,,,,,,,,,,,
Mont,Passive,A0,,,,,,,,,,,,,,,,,,,,,,,,,,,,,,,,,,,,,,,,,,,,,,,,,,,,
Mont,Passive,A0,,,,,,,,,,,,,,,,,,,,,,,,,,,,,,,,,,,,,,,,,,,,,,,,,,,,
Closer,S1,A0,,,,,,,,,,,,,,,,,,,,,,,,,,,,,,,,,,,,,,,,,,,,,,,,,,,,
Closer,S2,A0,,,,,,,,,,,,,,,,,,,,,,,,,,,,,,,,,,,,,,,,,,,,,,,,,,,,
Closer,S3,A0,,,,,,,,,,,,,,,,,,,,,,,,,,,,,,,,,,,,,,,,,,,,,,,,,,,,
Closer,Highlight,A0,,,,,,,,,,,,,,,,,,,,,,,,,,,,,,,,,,,,,,,,,,,,,,,,,,,,
Closer,Passive,A0,,,,,,,,,,,,,,,,,,,,,,,,,,,,,,,,,,,,,,,,,,,,,,,,,,,,
Closer,Passive,A0,,,,,,,,,,,,,,,,,,,,,,,,,,,,,,,,,,,,,,,,,,,,,,,,,,,,
Leon,S1,A0,Atomic Smash::S1,Nuclear,Normal,170.8,188.3,177.8,195.3,1,DMG_SKILL_SINGLE,,,20,20,20,20,,SELF_DMG_PERC,Power of Friendship&2,DBuff&Stack,,,,,,,,,,,,,,,,,,,,,,,,,,,,,,,,,
Leon,S2,A0,Justice Barrier::S2,Support,,931.6,1126.6,1067.9,1067.9,,ALLY_SHIELD_HP,,,,,,,,,,,,,,,,,,,,,,,,,,,,,,,,,,,,,,,,,,,
Leon,S3,A0,Ultima Booster::S3,Support,,19.5,19.5,20.3,20.3,,ALLY_ATK_PERC,,,3033.4,3344.2,3157.8,3468.6,,ALLY_ATK_FLAT,Power of Friendship&2,DBuff&Stack,,,,,,,,,,,,,,,,,,,,,,,,,,,,,,,,,
Leon,Highlight,A0,Highlight,Support,,60,60,60,60,,HEAL_SKILL_SINGLE_ATK,,,585.6,645.6,609.6,669.6,,ALLY_ATK_FLAT,,,,,,,,,,,,,,,,,,,,,,,,,,,,,,,,,,,
Leon,Highlight,A4,Highlight,Support,,60,60,60,60,,HEAL_SKILL_SINGLE_ATK,,,585.6,645.6,609.6,669.6,,ALLY_ATK_FLAT,,,25,25,25,25,,ALLY_CRIT_MULT_PERC,,,,,,,,,,,,,,,,,,,,,,,,,,,
Leon,Buff,A0,Power of Friendship(2)::S2|HL|HP75%,Support,,240,240,240,240,,ALLY_ATK_FLAT,,,,,,,,,,,,,,,,,,,,,,,,,,,,,,,,,,,,,,,,,,,
Leon,Buff,A1,Power of Friendship(2)::S2|HL|HP75%,Support,,240,240,240,240,,ALLY_ATK_FLAT,,,10,10,10,10,,ALLY_DEF_PERC,Power of Friendship,DBuff,,,,,,,,,,,,,,,,,,,,,,,,,,,,,,,,,
Leon,Buff,A2,Serious Action::A2,Passive,,25,25,25,25,,SELF_ATK_PERC,,,,,,,,,,,,,,,,,,,,,,,,,,,,,,,,,,,,,,,,,,,
Leon,Buff,A6,Turning the Tables::A6,Passive,,25,25,25,25,,ALLY_CRIT_MULT_PERC,HP < 60%,HP_THRESHOLD,,,,,,,,,,,,,,,,,,,,,,,,,,,,,,,,,,,,,,,,,
Leon,Passive,A0,Energy Recharge::Passive,Passive,,100,100,100,100,,HEAL_SKILL_SINGLE_SHIELD,,,,,,,,,,,,,,,,,,,,,,,,,,,,,,,,,,,,,,,,,,,
Leon,Passive,A0,Full Power: Start!::Passive,Passive,,45,45,45,45,,PARTY_CRIT_MULT_PERC,Power of Friendship&2,DBuff&Stack,,,,,,,,,,,,,,,,,,,,,,,,,,,,,,,,,,,,,,,,,
Cattle,S1,A0,,,,,,,,,,,,,,,,,,,,,,,,,,,,,,,,,,,,,,,,,,,,,,,,,,,,
Cattle,S2,A0,,,,,,,,,,,,,,,,,,,,,,,,,,,,,,,,,,,,,,,,,,,,,,,,,,,,
Cattle,S3,A0,,,,,,,,,,,,,,,,,,,,,,,,,,,,,,,,,,,,,,,,,,,,,,,,,,,,
Cattle,Highlight,A0,,,,,,,,,,,,,,,,,,,,,,,,,,,,,,,,,,,,,,,,,,,,,,,,,,,,
Cattle,Passive,A0,,,,,,,,,,,,,,,,,,,,,,,,,,,,,,,,,,,,,,,,,,,,,,,,,,,,
Cattle,Passive,A0,,,,,,,,,,,,,,,,,,,,,,,,,,,,,,,,,,,,,,,,,,,,,,,,,,,,
Riddle,Buff,A0,Childish Heart(5)::S1|S2,Support,,48,48,48,48,,NO_VALUE_BUFF,5,Stack,,,,,,,,,,,,,,,,,,,,,,,,,,,,,,,,,,,,,,,,,
Riddle,Buff,A0,Mystery(5)::Childish Heart,Support,,0,0,0,0,,NO_VALUE_BUFF,,,,,,,,,,,,,,,,,,,,,,,,,,,,,,,,,,,,,,,,,,,
Riddle,Buff,A6,Curiosity,Passive,,75,75,75,75,,PARTY_DMG_PERC,,,,,,,,,,,,,,,,,,,,,,,,,,,,,,,,,,,,,,,,,,,
Riddle,S1,A0,Surprise Squad::S1,Psy,Normal,146,161.4,155.4,170.4,,DMG_SKILL_SINGLE,,,,,,,,,,,,,,,,,,,,,,,,,,,,,,,,,,,,,,,,,,,
Riddle,S2,A0,Ready for Adventure::S2,Support,,17.6,19.4,18.7,20.5,,PARTY_SHIELD_REC_PERC,,,17.6,19.4,18.7,20.5,,PARTY_HEAL_REC_PERC,,,34.2,37.7,36.3,39.8,,PARTY_DEF_PERC,,,,,,,,,,,,,,,,,,,,,,,,,,,
Riddle,S3,A0,Courageous Campaign::S3,Support,,10,10,10,10,,PARTY_ATK_PERC,,,48.8,53.8,51.8,56.8,,PARTY_DMG_PERC,Childish Heart&2,DBuff&Stack,,,,,,,,,,,,,,,,,,,,,,,,,,,,,,,,,
Riddle,S3,A2,Courageous Campaign::S3,Support,,10,10,10,10,,PARTY_ATK_PERC,,,48.8,53.8,51.8,56.8,,PARTY_DMG_PERC,Childish Heart&2,DBuff&Stack,24,24,24,24,,PARTY_ATK_PERC,Childish Heart&5,DBuff&Stack,24,24,24,24,,PARTY_CRIT_MULT_PERC,Childish Heart&5,DBuff&Stack,,,,,,,,,,,,,,,,,
Riddle,Highlight,A0,Highlight,Pys|Support,Normal,336,373.5,388.5,426,,DMG_SKILL_SINGLE,,,39,43,41.5,45.5,,PARTY_DMG_PERC,Mystery&5,DBuff&Stack,,,,,,,,,,,,,,,,,,,,,,,,,,,,,,,,,
Riddle,Passive,A0,Let's Hold Hands::Passive,Passive,,0,0,0,0,,NO_VALUE_BUFF,,,,,,,,,,,,,,,,,,,,,,,,,,,,,,,,,,,,,,,,,,,
Riddle,Passive,A0,Safety in Numbers::Passive,Passive,,0,0,0,0,,NO_VALUE_BUFF,,,,,,,,,,,,,,,,,,,,,,,,,,,,,,,,,,,,,,,,,,,
Riddle,Passive,A1,"Let's Go, Everyone::A1",Passive,,60,60,60,60,,SELF_ATK_PERC,ally deals dmg,,15,15,15,15,,PARTY_DMG_PERC,Self atk increases,,,,,,,,,,,,,,,,,,,,,,,,,,,,,,,,,,
Rin,S1,A0,Underworld Ferry::S1,Curse|Support,Normal,73.2,80.7,77.7,85.2,1,DMG_SKILL_AOE,,,49.7,54.8,53.5,58.6,,DEF_DECR_PERC_AOE,,,,,,,,,,,,,,,,,,,,,,,,,,,,,,,,,,,
Rin,S2,A0,Flowers of Naihe::S2,Curse|Support,Normal,97.6,107.6,103.6,113.6,1,DMG_SKILL_SINGLE,,,20,20,20,20,,SELF_DMG_PERC,Debuffed target,,32.3,32.3,34.3,34.3,,PARTY_DMG_PERC,S2|Spiritual Ailment,Skill|Debuff,,,,,,,,,,,,,,,,,,,,,,,,,
Rin,S3,A0,Lion Dance of Oblivion::S3,Curse,Normal,78.1,86.1,82.9,90.9,1,DMG_SKILL_AOE,,,,,,,,,,,,,,,,,,,,,,,,,,,,,,,,,,,,,,,,,,,
Rin,Buff,A0,Meng Po Soup,Support,,0,0,0,0,,NO_VALUE_BUFF,,,,,,,,,,,,,,,,,,,,,,,,,,,,,,,,,,,,,,,,,,,
Rin,Buff,A6,Meng Po Soup,Support,,20,20,20,20,,PARTY_DMG_PERC,Curse,Element,,,,,,,,,,,,,,,,,,,,,,,,,,,,,,,,,,,,,,,,,
Rin,Buff,A0,Red Spider Lily::S3,Support,,48.5,53.5,52.3,57.3,,PARTY_DMG_PERC,Red Spider Lily,DBuff,97,107,104.6,114.6,,PARTY_DMG_PERC,Red Spider Lily&Meng Po Soup,DBuff&Debuff,,,,,,,,,,,,,,,,,,,,,,,,,,,,,,,,,
Rin,Highlight,A0,Highlight,Curse|Support,Normal,146.4,161.4,155.4,170.4,1,DMG_SKILL_AOE,,,48.8,53.8,51.8,56.8,,PARTY_DMG_PERC,,,,,,,,,,,,,,,,,,,,,,,,,,,,,,,,,,,
Rin,Highlight,A4,Highlight,Curse|Support,Normal,146.4,161.4,155.4,170.4,1,DMG_SKILL_AOE,,,68.8,73.8,71.8,76.8,,PARTY_DMG_PERC,,,,,,,,,,,,,,,,,,,,,,,,,,,,,,,,,,,
Rin,Passive,A0,Kung Fu Mastery::Passive,Passive,,90,90,90,90,,SELF_ATK_PERC,,,,,,,,,,,,,,,,,,,,,,,,,,,,,,,,,,,,,,,,,,,
Rin,Passive,A0,Up to Chance::Passive::HP50%,Support,,30,30,30,30,,PARTY_DMG_PERC,HP>50%&Curse,HP&Element,,,,,,,,,,,,,,,,,,,,,,,,,,,,,,,,,,,,,,,,,
Rin,Passive,A2,Soul Reaper::A2,Passive,,50,50,50,50,,SELF_ATK_PERC,5,Stack,,,,,,,,,,,,,,,,,,,,,,,,,,,,,,,,,,,,,,,,,
Panther,S1,A0,,,,,,,,,,,,,,,,,,,,,,,,,,,,,,,,,,,,,,,,,,,,,,,,,,,,
Panther,S2,A0,,,,,,,,,,,,,,,,,,,,,,,,,,,,,,,,,,,,,,,,,,,,,,,,,,,,
Panther,S3,A0,,,,,,,,,,,,,,,,,,,,,,,,,,,,,,,,,,,,,,,,,,,,,,,,,,,,
Panther,Highlight,A0,,,,,,,,,,,,,,,,,,,,,,,,,,,,,,,,,,,,,,,,,,,,,,,,,,,,
Panther,Passive,A0,,,,,,,,,,,,,,,,,,,,,,,,,,,,,,,,,,,,,,,,,,,,,,,,,,,,
Panther,Passive,A0,,,,,,,,,,,,,,,,,,,,,,,,,,,,,,,,,,,,,,,,,,,,,,,,,,,,
Panther,,,,,,,,,,,,,,,,,,,,,,,,,,,,,,,,,,,,,,,,,,,,,,,,,,,,,,
Mona,S1,A0,,,,,,,,,,,,,,,,,,,,,,,,,,,,,,,,,,,,,,,,,,,,,,,,,,,,
Mona,S2,A0,,,,,,,,,,,,,,,,,,,,,,,,,,,,,,,,,,,,,,,,,,,,,,,,,,,,
Mona,S3,A0,,,,,,,,,,,,,,,,,,,,,,,,,,,,,,,,,,,,,,,,,,,,,,,,,,,,
Mona,Highlight,A0,,,,,,,,,,,,,,,,,,,,,,,,,,,,,,,,,,,,,,,,,,,,,,,,,,,,
Mona,Passive,A0,,,,,,,,,,,,,,,,,,,,,,,,,,,,,,,,,,,,,,,,,,,,,,,,,,,,
Mona,Passive,A0,,,,,,,,,,,,,,,,,,,,,,,,,,,,,,,,,,,,,,,,,,,,,,,,,,,,
Mona,,,,,,,,,,,,,,,,,,,,,,,,,,,,,,,,,,,,,,,,,,,,,,,,,,,,,,
Joker,S1,A0,,,,,,,,,,,,,,,,,,,,,,,,,,,,,,,,,,,,,,,,,,,,,,,,,,,,
Joker,S2,A0,,,,,,,,,,,,,,,,,,,,,,,,,,,,,,,,,,,,,,,,,,,,,,,,,,,,
Joker,S3,A0,,,,,,,,,,,,,,,,,,,,,,,,,,,,,,,,,,,,,,,,,,,,,,,,,,,,
Joker,Highlight,A0,,,,,,,,,,,,,,,,,,,,,,,,,,,,,,,,,,,,,,,,,,,,,,,,,,,,
Joker,Passive,A0,,,,,,,,,,,,,,,,,,,,,,,,,,,,,,,,,,,,,,,,,,,,,,,,,,,,
Joker,Passive,A0,,,,,,,,,,,,,,,,,,,,,,,,,,,,,,,,,,,,,,,,,,,,,,,,,,,,
Joker,,,,,,,,,,,,,,,,,,,,,,,,,,,,,,,,,,,,,,,,,,,,,,,,,,,,,,
Marian,S1,A0,Nurse's Light::S1,Blessing,Normal,56.9,62.7,60.4,66.2,1,DMG_SKILL_SINGLE,,,,,,,,,,,,,,,,,,,,,,,,,,,,,,,,,,,,,,,,,,,
Marian,S2,A0,Healing Grace::S2,Heal,,17.4,17.4,18.5,18.5,,HEAL_SKILL_AOE,,,30,,,,,,,,,,,,,,,,,,,,,,,,,,,,,,,,,,,,,,,,
Marian,S3,A0,Compassionate Cure::S3,Heal,,15.8,15.8,16.8,16.8,,HEAL_SKILL_AOE,,,30,,,,,,,,,,,,,,,,,,,,,,,,,,,,,,,,,,,,,,,,
Marian,Highlight,A0,Highlight,Heal,,17.6,17.6,18.6,18.6,,HEAL_SKILL_AOE,,,30,,,,,,,,,,,,,,,,,,,,,,,,,,,,,,,,,,,,,,,,
Marian,Buff,A1,Angel In White::A1,Support,,20,20,20,20,,ALLY_PIERCE_PERC,,,,,,,,,,,,,,,,,,,,,,,,,,,,,,,,,,,,,,,,,,,
Marian,Passive,A0,Health Comes First::Passive,Support,,30,30,30,30,,ALLY_DMG_PERC,Blessing&5,,,,,,,,,,,,,,,,,,,,,,,,,,,,,,,,,,,,,,,,,,
Marian,Passive,A0,Peace of Mind::Passive,Passive,,1500,1500,1500,1500,,PARTY_HP_FLAT,,,,,,,,,,,,,,,,,,,,,,,,,,,,,,,,,,,,,,,,,,,
Bui,S1,A0,,,,,,,,,,,,,,,,,,,,,,,,,,,,,,,,,,,,,,,,,,,,,,,,,,,,
Bui,S2,A0,,,,,,,,,,,,,,,,,,,,,,,,,,,,,,,,,,,,,,,,,,,,,,,,,,,,
Bui,S3,A0,,,,,,,,,,,,,,,,,,,,,,,,,,,,,,,,,,,,,,,,,,,,,,,,,,,,
Bui,Highlight,A0,,,,,,,,,,,,,,,,,,,,,,,,,,,,,,,,,,,,,,,,,,,,,,,,,,,,
Bui,Passive,A0,,,,,,,,,,,,,,,,,,,,,,,,,,,,,,,,,,,,,,,,,,,,,,,,,,,,
Bui,Passive,A0,,,,,,,,,,,,,,,,,,,,,,,,,,,,,,,,,,,,,,,,,,,,,,,,,,,,
Bui,,,,,,,,,,,,,,,,,,,,,,,,,,,,,,,,,,,,,,,,,,,,,,,,,,,,,,
Fox,S1,A0,,,,,,,,,,,,,,,,,,,,,,,,,,,,,,,,,,,,,,,,,,,,,,,,,,,,
Fox,S2,A0,,,,,,,,,,,,,,,,,,,,,,,,,,,,,,,,,,,,,,,,,,,,,,,,,,,,
Fox,S3,A0,,,,,,,,,,,,,,,,,,,,,,,,,,,,,,,,,,,,,,,,,,,,,,,,,,,,
Fox,Highlight,A0,,,,,,,,,,,,,,,,,,,,,,,,,,,,,,,,,,,,,,,,,,,,,,,,,,,,
Fox,Passive,A0,,,,,,,,,,,,,,,,,,,,,,,,,,,,,,,,,,,,,,,,,,,,,,,,,,,,
Fox,Passive,A0,,,,,,,,,,,,,,,,,,,,,,,,,,,,,,,,,,,,,,,,,,,,,,,,,,,,
Fox,,,,,,,,,,,,,,,,,,,,,,,,,,,,,,,,,,,,,,,,,,,,,,,,,,,,,,
Fox,,,,,,,,,,,,,,,,,,,,,,,,,,,,,,,,,,,,,,,,,,,,,,,,,,,,,,
Vino,S1,A0,Diving Ray::S1,Nuclear|Support,Normal,170.8,188.3,177.8,195.3,1,DMG_SKILL_SINGLE,,,37.3,37.3,38.8,38.8,,DEF_DECR_PERC,inflict elemental ailment,,,,,,,,,,,,,,,,,,,,,,,,,,,,,,,,,,
Vino,S2,A0,Blunt Edge::S2,Nuclear,Normal,91.5,100.9,95.2,104.6,1,DMG_SKILL_AOE,40% chance inflict elemental ailment,,,,,,,,,,,,,,,,,,,,,,,,,,,,,,,,,,,,,,,,,,
Vino,S3,A0,Bullseye Bomber::S3,Nuclear|Support,Normal,195.2,215.2,203.2,223.2,1,DMG_SKILL_SINGLE,,,18.7,20.7,19.5,21.4,,PARTY_DMG_PERC,Elemental Ailment&Stack|Radiation&Stack,Debuff&Stack|DBuff&Stack,,,,,,,,,,,,,,,,,,,,,,,,,,,,,,,,,
Vino,Highlight,A0,Highlight,Nuclear,Normal,324.5,357.8,337.8,371.1,1,DMG_SKILL_SINGLE,75% chance inflict 2 elemental ailment,,,,,,,,,,,,,,,,,,,,,,,,,,,,,,,,,,,,,,,,,,
Vino,Highlight,A0,Highlight,Nuclear|Support,Normal,324.5,357.8,337.8,371.1,1,DMG_SKILL_SINGLE,75% chance inflict 2 elemental ailment,,35.2,35.2,35.2,35.2,,PARTY_DMG_PERC,Nuclear,Element,,,,,,,,,,,,,,,,,,,,,,,,,,,,,,,,,
Vino,Passive,A0,Radiation::Elemental Ailment,Support,,15,15,15,15,,PARTY_DMG_PERC,,,,,,,,,,,,,,,,,,,,,,,,,,,,,,,,,,,,,,,,,,,
Vino,Passive,A1,Radiation::Elemental Ailment,Support,,15,15,15,15,,PARTY_DMG_PERC,,,15,15,15,15,,PARTY_DMG_PERC,Shock&Electric|Freeze&Ice|Windswept&Wind|Burn&Fire,Debuff&Element|Debuff&Element|Debuff&Element|Debuff&Element,,,,,,,,,,,,,,,,,,,,,,,,Burn&Fire,,,,,,,,,
Vino,Passive,A0,Eagle Eye,Passive,,15,15,15,15,,PARTY_DMG_PERC,Nuclear&Radiation,Element&DBuff,,,,,,,,,,,,,,,,,,,,,,,,,,,,,,,,,,,,,,,,,
Vino,Passive,A0,Perfect Timing,Passive,,77.85,85.95,77.85,85.95,,SELF_ATK_PERC,,,,,,,,,,,,,,,,,,,,,,,,,,,,,,,,,,,,,,,,,,,
Vino,Passive,A6,Unending::Elemental Ailment(3),Support,,10,10,10,10,,PARTY_ATK_PERC,Radiation,DBuff,10,10,10,10,,PARTY_DMG_PERC,Radiation&Elemental Ailment,DBuff&Debuff,8,8,8,8,,PARTY_PIERCE_PERC,Radiation&Elemental Ailment&2,DBuff&Debuff&Stack,,,,,,,,,,,,,,,,,,,,,,,,,
Queen,S1,A0,,,,,,,,,,,,,,,,,,,,,,,,,,,,,,,,,,,,,,,,,,,,,,,,,,,,
Queen,S2,A0,,,,,,,,,,,,,,,,,,,,,,,,,,,,,,,,,,,,,,,,,,,,,,,,,,,,
Queen,S3,A0,Nuclear Fury,Nuclear,,210.6,232.2,223.6,245.1,1,DMG_SKILL_SINGLE,,,39,43,41.4,45.4,1,,,,,,,,,,,,,,,,,,,,,,,,,,,,,,,,,,,,
Queen,S3,A0,Thermonuclear Fury,Nuclear,,243.6,268.6,258.6,283.5,1,DMG_SKILL_SINGLE,,,34.2,37.7,36.3,39.8,3,,,,,,,,,,,,,,,,,,,,,,,,,,,,,,,,,,,,
Queen,Buff,A0,Crash Out,Support,,,,,,,,,,,,,,,,,,,,,,,,,,,,,,,,,,,,,,,,,,,,,,,,,,
Queen,Highlight,A0,,,,,,,,,,,,,,,,,,,,,,,,,,,,,,,,,,,,,,,,,,,,,,,,,,,,
Queen,Passive,,,,,,,,,,,,,,,,,,,,,,,,,,,,,,,,,,,,,,,,,,,,,,,,,,,,,
Queen,Passive,,,,,,,,,,,,,,,,,,,,,,,,,,,,,,,,,,,,,,,,,,,,,,,,,,,,,
Phoebe,S1,A0,,,,,,,,,,,,,,,,,,,,,,,,,,,,,,,,,,,,,,,,,,,,,,,,,,,,
Phoebe,S2,A0,,,,,,,,,,,,,,,,,,,,,,,,,,,,,,,,,,,,,,,,,,,,,,,,,,,,
Phoebe,S3,A0,,,,,,,,,,,,,,,,,,,,,,,,,,,,,,,,,,,,,,,,,,,,,,,,,,,,
Phoebe,Highlight,A0,,,,,,,,,,,,,,,,,,,,,,,,,,,,,,,,,,,,,,,,,,,,,,,,,,,,
Phoebe,Passive,A0,,,,,,,,,,,,,,,,,,,,,,,,,,,,,,,,,,,,,,,,,,,,,,,,,,,,
Phoebe,Passive,A0,,,,,,,,,,,,,,,,,,,,,,,,,,,,,,,,,,,,,,,,,,,,,,,,,,,,
Phoebe,,,,,,,,,,,,,,,,,,,,,,,,,,,,,,,,,,,,,,,,,,,,,,,,,,,,,,
Wind,S1,A0,Scattered Plum Blossoms::S1,Support,,10,10,10.8,10.8,,DEF_DECR_PERC_AOE,,,29.4,32.3,31.8,34.7,,DEF_DECR_PERC_AOE,,,,,,,,,,,,,,,,,,,,,,,,,,,,,,,,,,,
Wind,S2,A0,Dreams in the Mist::S2,Support,,10.5,11.6,11.3,12.4,,PARTY_DMG_PERC,,,,,,,,,,,,,,,,,,,,,,,,,,,,,,,,,,,,,,,,,,,
Wind,S3,A0,Verngale Petals::S3,Support,,12.6,13.9,13.6,14.9,,PARTY_DMG_PERC,,,6.3,6.9,6.8,7.4,,PARTY_DMG_PERC,Speed over 100,,,,,,,,,,,,,,,,,,,,,,,,,,,,,,,,,,
Wind,Highlight,A0,Attribute Boost::Passive,Passive,,15,15,15,15,,PARTY_ALL_PERC,,,,,,,,,,,,,,,,,,,,,,,,,,,,,,,,,,,,,,,,,,,
Wind,Buff,A0,Insight::Passive,Passive,,6,6,6,6,,PARTY_DMG_PERC,,,,,,,,,,,,,,,,,,,,,,,,,,,,,,,,,,,,,,,,,,,
Wind,Passive,A0,Springtime Tempest::Passive,Passive,,360,360,360,360,,PARTY_HP_FLAT,,,120,120,120,120,,PARTY_ATK_FLAT,,,120,120,120,120,,PARTY_DEF_FLAT,,,,,,,,,,,,,,,,,,,,,,,,,,,
Wind,Passive,A0,Plum Blossom Glory::Passive,Passive,,60,60,60,60,,PARTY_DMG_PERC_AOA,,,,,,,,,,,,,,,,,,,,,,,,,,,,,,,,,,,,,,,,,,,
Chord,S1,A0,Distortion::S1,Electric,Normal,85.4,94.2,90.6,99.4,1,DMG_SKILL_AOE,,,83.3,91.8,88.4,96.9,1,DMG_SKILL_AOE_ALLY_STAT,Costar,DBuff,,,,,,,,,,,,,,,,,,,,,,,,,,,,,,,,,
Chord,S2,A0,Unison Notes::S2,Support,,1220,1345,1295,1420,,ALLY_ATK_FLAT,,,,,,,,,,,,,,,,,,,,,,,,,,,,,,,,,,,,,,,,,,,
Chord,S3,A0,Catchy Hook::S3,Support,,78.1,86.1,82.9,90.9,,ALLY_DMG_PERC_HL,Activate HL,,40,40,40,40,,SELF_ATK_PERC,,,,,,,,,,,,,,,,,,,,,,,,,,,,,,,,,,,
Chord,S3,A2,Catchy Hook::S3,Support,,78.1,86.1,82.9,90.9,,ALLY_DMG_PERC_HL,Activate HL,,40,40,40,40,,SELF_ATK_PERC,,,30,30,30,30,,ALLY_DMG_PERC,,,,,,,,,,,,,,,,,,,,,,,,,,,
Chord,S3,A6,Catchy Hook::S3,Support,,78.1,86.1,82.9,90.9,,ALLY_DMG_PERC_HL,Activate HL,,40,40,40,40,,SELF_ATK_PERC,,,30,30,30,30,,ALLY_DMG_PERC,,,40,40,40,40,,PARTY_DMG_PERC,,,,,,,,,,,,,,,,,,,
Chord,Highlight,A0,Highlight,Passive,,45.5,50.1,48.3,52.9,,PARTY_DMG_PERC,,,10,10,10,10,,HIGHLIGHT_CHARGE_INC,,,,,,,,,,,,,,,,,,,,,,,,,,,,,,,,,,,
Chord,Buff,A0,Costar::S2,Support,,0,0,0,0,,NO_VALUE_BUFF,,,,,,,,,,,,,,,,,,,,,,,,,,,,,,,,,,,,,,,,,,,
Chord,Buff,A1,Costar::S2,Support,,15,15,15,15,,ALLY_CRIT_PERC,,,,,,,,,,,,,,,,,,,,,,,,,,,,,,,,,,,,,,,,,,,
Chord,Passive,A0,Backing Track,Passive, ,24,24,24,24,,ALLY_ATK_PERC_HL,,,12,12,12,12,,ALLY_ATK_PERC_HL,Costar,DBuff,,,,,,,,,,,,,,,,,,,,,,,,,,,,,,,,,
Chord,Passive,A0,Chorus Effect,Passive,,,,,,,HEAL_SKILL_SINGLE,,,,,,,,,,,,,,,,,,,,,,,,,,,,,,,,,,,,,,,,,,,
Closer-Tropical,S1,A0,,,,,,,,,,,,,,,,,,,,,,,,,,,,,,,,,,,,,,,,,,,,,,,,,,,,
Closer-Tropical,S2,A0,,,,,,,,,,,,,,,,,,,,,,,,,,,,,,,,,,,,,,,,,,,,,,,,,,,,
Closer-Tropical,S3,A0,,,,,,,,,,,,,,,,,,,,,,,,,,,,,,,,,,,,,,,,,,,,,,,,,,,,
Closer-Tropical,Highlight,A0,,,,,,,,,,,,,,,,,,,,,,,,,,,,,,,,,,,,,,,,,,,,,,,,,,,,
Closer-Tropical,Passive,A0,,,,,,,,,,,,,,,,,,,,,,,,,,,,,,,,,,,,,,,,,,,,,,,,,,,,
Closer-Tropical,Passive,A0,,,,,,,,,,,,,,,,,,,,,,,,,,,,,,,,,,,,,,,,,,,,,,,,,,,,
Closer-Tropical,,,,,,,,,,,,,,,,,,,,,,,,,,,,,,,,,,,,,,,,,,,,,,,,,,,,,,
Moko-Seaside,S1,A0,,,,,,,,,,,,,,,,,,,,,,,,,,,,,,,,,,,,,,,,,,,,,,,,,,,,
Moko-Seaside,S2,A0,,,,,,,,,,,,,,,,,,,,,,,,,,,,,,,,,,,,,,,,,,,,,,,,,,,,
Moko-Seaside,S3,A0,,,,,,,,,,,,,,,,,,,,,,,,,,,,,,,,,,,,,,,,,,,,,,,,,,,,
Moko-Seaside,Highlight,A0,,,,,,,,,,,,,,,,,,,,,,,,,,,,,,,,,,,,,,,,,,,,,,,,,,,,
Moko-Seaside,Passive,A0,,,,,,,,,,,,,,,,,,,,,,,,,,,,,,,,,,,,,,,,,,,,,,,,,,,,
Moko-Seaside,Passive,A0,,,,,,,,,,,,,,,,,,,,,,,,,,,,,,,,,,,,,,,,,,,,,,,,,,,,
Messa,S1,A0,,,,,,,,,,,,,,,,,,,,,,,,,,,,,,,,,,,,,,,,,,,,,,,,,,,,
Messa,S2,A0,,,,,,,,,,,,,,,,,,,,,,,,,,,,,,,,,,,,,,,,,,,,,,,,,,,,
Messa,S3,A0,,,,,,,,,,,,,,,,,,,,,,,,,,,,,,,,,,,,,,,,,,,,,,,,,,,,
Messa,Highlight,A0,,,,,,,,,,,,,,,,,,,,,,,,,,,,,,,,,,,,,,,,,,,,,,,,,,,,
Messa,Passive,A0,,,,,,,,,,,,,,,,,,,,,,,,,,,,,,,,,,,,,,,,,,,,,,,,,,,,
Messa,Passive,A0,,,,,,,,,,,,,,,,,,,,,,,,,,,,,,,,,,,,,,,,,,,,,,,,,,,,
Messa,,,,,,,,,,,,,,,,,,,,,,,,,,,,,,,,,,,,,,,,,,,,,,,,,,,,,,
Oracle,S1,A0,,,,,,,,,,,,,,,,,,,,,,,,,,,,,,,,,,,,,,,,,,,,,,,,,,,,
Oracle,S2,A0,,,,,,,,,,,,,,,,,,,,,,,,,,,,,,,,,,,,,,,,,,,,,,,,,,,,
Oracle,S3,A0,,,,,,,,,,,,,,,,,,,,,,,,,,,,,,,,,,,,,,,,,,,,,,,,,,,,
Oracle,Highlight,A0,,,,,,,,,,,,,,,,,,,,,,,,,,,,,,,,,,,,,,,,,,,,,,,,,,,,
Oracle,Passive,A0,,,,,,,,,,,,,,,,,,,,,,,,,,,,,,,,,,,,,,,,,,,,,,,,,,,,
Oracle,Passive,A0,,,,,,,,,,,,,,,,,,,,,,,,,,,,,,,,,,,,,,,,,,,,,,,,,,,,
Oracle,,,,,,,,,,,,,,,,,,,,,,,,,,,,,,,,,,,,,,,,,,,,,,,,,,,,,,
Cherish,S1,A0,,,,,,,,,,,,,,,,,,,,,,,,,,,,,,,,,,,,,,,,,,,,,,,,,,,,
Cherish,S2,A0,,,,,,,,,,,,,,,,,,,,,,,,,,,,,,,,,,,,,,,,,,,,,,,,,,,,
Cherish,S3,A0,,,,,,,,,,,,,,,,,,,,,,,,,,,,,,,,,,,,,,,,,,,,,,,,,,,,
Cherish,Highlight,A0,,,,,,,,,,,,,,,,,,,,,,,,,,,,,,,,,,,,,,,,,,,,,,,,,,,,
Cherish,Passive,A0,,,,,,,,,,,,,,,,,,,,,,,,,,,,,,,,,,,,,,,,,,,,,,,,,,,,
Cherish,Passive,A0,,,,,,,,,,,,,,,,,,,,,,,,,,,,,,,,,,,,,,,,,,,,,,,,,,,,
Cherish,,,,,,,,,,,,,,,,,,,,,,,,,,,,,,,,,,,,,,,,,,,,,,,,,,,,,,
Noir,S1,A0,,,,,,,,,,,,,,,,,,,,,,,,,,,,,,,,,,,,,,,,,,,,,,,,,,,,
Noir,S2,A0,,,,,,,,,,,,,,,,,,,,,,,,,,,,,,,,,,,,,,,,,,,,,,,,,,,,
Noir,S3,A0,,,,,,,,,,,,,,,,,,,,,,,,,,,,,,,,,,,,,,,,,,,,,,,,,,,,
Noir,Highlight,A0,,,,,,,,,,,,,,,,,,,,,,,,,,,,,,,,,,,,,,,,,,,,,,,,,,,,
Noir,Passive,A0,,,,,,,,,,,,,,,,,,,,,,,,,,,,,,,,,,,,,,,,,,,,,,,,,,,,
Noir,Passive,A0,,,,,,,,,,,,,,,,,,,,,,,,,,,,,,,,,,,,,,,,,,,,,,,,,,,,
Noir,,,,,,,,,,,,,,,,,,,,,,,,,,,,,,,,,,,,,,,,,,,,,,,,,,,,,,
Mont-Swan,S1,A0,,,,,,,,,,,,,,,,,,,,,,,,,,,,,,,,,,,,,,,,,,,,,,,,,,,,
Mont-Swan,S2,A0,,,,,,,,,,,,,,,,,,,,,,,,,,,,,,,,,,,,,,,,,,,,,,,,,,,,
Mont-Swan,S3,A0,,,,,,,,,,,,,,,,,,,,,,,,,,,,,,,,,,,,,,,,,,,,,,,,,,,,
Mont-Swan,Highlight,A0,,,,,,,,,,,,,,,,,,,,,,,,,,,,,,,,,,,,,,,,,,,,,,,,,,,,
Mont-Swan,Passive,A0,,,,,,,,,,,,,,,,,,,,,,,,,,,,,,,,,,,,,,,,,,,,,,,,,,,,
Mont-Swan,Passive,A0,,,,,,,,,,,,,,,,,,,,,,,,,,,,,,,,,,,,,,,,,,,,,,,,,,,,
Mont-Swan,,,,,,,,,,,,,,,,,,,,,,,,,,,,,,,,,,,,,,,,,,,,,,,,,,,,,,
Howler,S1,A0,Fiery Handshake,Fire,Normal,73.2,80.7,77.7,85.2,1,DMG_SKILL_AOE,,,,,,,,,,,,,,,,,,,,,,,,,,,,,,,,,,,,,,,,,,,
Howler,Buff,A0,Fiery Handshake::S1,Support,Normal,26.4,29.2,27.9,30.7,,DEF_DECR_PERC_AOE,Intimidate Baddie,Exclusive,26.4,26.4,26.4,26.4,,DEF_DECR_PERC_AOE,Fire&Intimidate Baddie,Element&Exclusive,,,,,,,,,,,,,,,,,,,,,,,,,,,,,,,,,
Howler,Buff,A0,Warm Welcome::S1,Support,Normal,0,0,0,0,,NO_VALUE_BUFF,,,,,,,,,,,,,,,,,,,,,,,,,,,,,,,,,,,,,,,,,,,
Howler,S2,A0,Intimidate Baddie,Fire,Normal,170.8,188.3,181.3,198.8,1,DMG_SKILL_SINGLE,,,,,,,,,,,,,,,,,,,,,,,,,,,,,,,,,,,,,,,,,,,
Howler,Buff,A0,Intimidate Baddie::S2,Support,Normal,53.7,59.3,56.9,62.5,,DEF_DECR_PERC,Fiery Handshake,Exclusive,,,,,,,,,,,,,,,,,,,,,,,,,,,,,,,,,,,,,,,,,
Howler,Buff,A0,Furious Pursue::S2,Support,Normal,0,0,0,0,,NO_VALUE_BUFF,,,,,,,,,,,,,,,,,,,,,,,,,,,,,,,,,,,,,,,,,,,
Howler,S3,A0,GOGO WOOF WOOF RU!,Fire,Normal,109.8,109.8,116.6,116.6,1,DMG_SKILL_AOE,Warm Welcome,DBuff,,,,,,,,,,,,,,,,,,,,,,,,,,,,,,,,,,,,,,,,,
Howler,S3,A0,GOGO WOOF WOOF RU!,Fire,Normal,219.6,219.6,233.1,233.1,1,DMG_SKILL_SINGLE,Furious Pursue,DBuff,,,,,,,,,,,,,,,,,,,,,,,,,,,,,,,,,,,,,,,,,
Howler,Buff,A0,GOGO WOOF WOOF RU!::S3,Support,Normal,41,45.2,43.5,47.7,,PARTY_DMG_PERC,Warm Welcome,DBuff,20.5,22.5,21.7,23.9,,PARTY_DMG_PERC,Warm Welcome&Fire,Dbuff&Element,18,18,18,18,,DEF_DECR_PERC,Warm Welcome&60,DBuff&Chance,,,,,,,,,,,,,,,,,,,,,,,,,
Howler,Buff,A0,GOGO WOOF WOOF RU!::S3,Support,Normal,58.6,64.7,62.1,68.2,,PARTY_DMG_PERC,Furious Pursue,DBuff,29.3,31.6,31.8,34.1,,PARTY_DMG_PERC,Furious Pursue&Follow,Dbuff&Skill_Behavior,18,18,18,18,,DEF_DECR_PERC,Furious Pursue&60,DBuff&Chance,,,,,,,,,,,,,,,,,,,,,,,,,
Howler,Buff,A1,GOGO WOOF WOOF RU!::S3,Support,Normal,41,45.2,43.5,47.7,,PARTY_DMG_PERC,Warm Welcome,DBuff,20.5,22.5,21.7,23.9,,PARTY_DMG_PERC,Warm Welcome&Fire,Dbuff&Element,18,18,18,18,,DEF_DECR_PERC,Warm Welcome&60,DBuff&Chance,36,36,36,36,,PARTY_DMG_PERC,Warm Welcome&Fire,Dbuff&Element,,,,,,,,,,,,,,,,,
Howler,Buff,A1,GOGO WOOF WOOF RU!::S3,Support,Normal,58.6,64.7,62.1,68.2,,PARTY_DMG_PERC,Furious Pursue,DBuff,29.3,31.6,31.8,34.1,,PARTY_DMG_PERC,Furious Pursue&Follow,Dbuff&Skill_Behavior,18,18,18,18,,DEF_DECR_PERC,Furious Pursue&60,DBuff&Chance,40,40,40,40,,PARTY_DMG_PERC,Furious Pursue&Follow,Dbuff&Skill_Behavior,,,,,,,,,,,,,,,,,
Howler,Buff,A6,GOGO WOOF WOOF RU!::S3,Support,Normal,58.6,64.7,62.1,68.2,,PARTY_DMG_PERC,Furious Pursue,DBuff,29.3,31.6,31.8,34.1,,PARTY_DMG_PERC,Furious Pursue&Follow,Dbuff&Skill_Behavior,18,18,18,18,,DEF_DECR_PERC,Warm Welcome&60,DBuff&Chance,40,40,40,40,,PARTY_DMG_PERC,Furious Pursue&Follow,Dbuff&Skill_Behavior,,,,,,,Debuff from self,,,,,,,,,,
Howler,Buff,A6,GOGO WOOF WOOF RU!::S3,Support,Normal,18,18,18,18,,PARTY_DMG_PERC,Warm Welcome&Furious Pursue&Fire,DBuff&DBuff&Element,25,25,25,25,,PARTY_DMG_PERC,Warm Welcome&Furious Pursue&Follow,DBuff&DBuff&Skill_Behavior,,,,,,,,,,,,,,,,,,,,,,,,,,,,,,,,,
Howler,Highlight,A0,HIGHLIGHT,Fire,Normal,214.7,236.7,227.9,249.9,1,DMG_SKILL_AOE,,,,,,,,,,,,,,,,,,,,,,,,,,,,,,,,,,,,,,,,,,,
Howler,Buff,A0,Big Bad::Highlight,Support,Normal,39,43,41.4,45.4,,PARTY_DMG_PERC,Fire&1|Follow&1,Element&Stack|Skill_Behavior&Stack,,,,,,,,,,,,,,,,,,,,,,,,,,,,,,,,,,,,,,,,,
Howler,Passive,A0,Loyalty::Passive,Passive,Normal,60,60,60,60,,SELF_ATK_PERC_EHR,,,,,,,,,,,,,,,,,,,,,,,,,,,,,,,,,,,,,,,,,,,
Howler,Passive,A0,Passion::Passive,Passive,Normal,33,33,33,33,,SELF_ATK_PERC,,,33,33,33,33,,ALLY_ATK_PERC,Fire|Follow,Element|Skill_Behavior,,,,,,,,,,,,,,,,,,,,,,,,,,,,,,,,,
Howler,Passive,A2,Knowing the Heart::A2,Passive,Normal,36,36,36,36,,PARTY_CRIT_MULT_PERC,Warm Welcome|Furious Pursue|Fiery Handshake|Intimidate Baddie|GOGO WOOF WOOF RU!|Big Bad,DBuff|DBuff|DBuff|DBuff|DBuff|DBuff,,,,,,,,,,,,,,,,,,,,,,,,,,,,,,,,,,,,,,,,,
Violet,S1,A0,,,,,,,,,,,,,,,,,,,,,,,,,,,,,,,,,,,,,,,,,,,,,,,,,,,,
Violet,S2,A0,,,,,,,,,,,,,,,,,,,,,,,,,,,,,,,,,,,,,,,,,,,,,,,,,,,,
Violet,S3,A0,,,,,,,,,,,,,,,,,,,,,,,,,,,,,,,,,,,,,,,,,,,,,,,,,,,,
Violet,Highlight,A0,,,,,,,,,,,,,,,,,,,,,,,,,,,,,,,,,,,,,,,,,,,,,,,,,,,,
Violet,Passive,A0,,,,,,,,,,,,,,,,,,,,,,,,,,,,,,,,,,,,,,,,,,,,,,,,,,,,
Violet,Passive,A0,,,,,,,,,,,,,,,,,,,,,,,,,,,,,,,,,,,,,,,,,,,,,,,,,,,,
Violet,,,,,,,,,,,,,,,,,,,,,,,,,,,,,,,,,,,,,,,,,,,,,,,,,,,,,,
Wind-Vast,S1,A0,Wind of Vitality::S1,Wind,Normal,183,201.7,194.3,213,1,DMG_SKILL_SINGLE,,,,,,,,,,,,,,,,,,,,,,,,,,,,,,,,,,,,,,,,,,,
Wind-Vast,Buff,A0,Wither::S1,Support,Normal,52.70,58.19,58.19,63.68,,PARTY_CRIT_MULT_PERC,Wind,Element,,,,,,,,,,,,,,,,,,,,,,,,,,,,,,,,,,,,,,,,,
Wind-Vast,Buff,A1,Wither::S1,Support,Normal,52.70,58.19,58.19,63.68,,PARTY_CRIT_MULT_PERC,Any,Element,30,30,30,30,,PARTY_CRIT_MULT_PERC,,,,,,,,,,,,,,,,,,,,,,,,,,,,,,,,,,,
Wind-Vast,Buff,A6,Wither::S1,Support,Normal,52.70,58.19,58.19,63.68,,PARTY_CRIT_MULT_PERC,Any,Element,30,30,30,30,,PARTY_CRIT_MULT_PERC,,,2,2,2,2,,ALLY_CRIT_MULT_PERC_CR_OVER_100,,,,,,,,,,,,,,,,,,,,,,,,,,,
Wind-Vast,S2,A0,Under the Umbrella::S2,Support,Normal,36.86,40.70,40.70,44.54,,ALLIES_ATK_PERC,,,,,,,,,,,,,,,,,,,,,,,,,,,,,,,,,,,,,,,,,,,
Wind-Vast,S2,A1,Under the Umbrella::S2,Support,Normal,36.86,40.70,40.70,44.54,,ALLIES_ATK_PERC,,,25,25,25,25,,ALLY_ATK_PERC,,,,,,,,,,,,,,,,,,,,,,,,,,,,,,,,,,,
Wind-Vast,S3,A0,Fragrance of Time::S3,Support,Normal,16,17,17,18,,ALLY_CRIT_PERC,,,6.912,7.632,7.632,8.352,,ALLY_ATK_PERC,,,24,26.5,26.5,29,,ALLY_CRIT_MULT_PERC,,,48,53,53,58,,ALLY_CRIT_MULT_PERC,,,,,,,,,,,,,,,,,,,
Wind-Vast,S3,A6,Fragrance of Time::S3,Support,Normal,16,17,17,18,,ALLIES_CRIT_PERC,,,6.912,7.632,7.632,8.352,,ALLIES_ATK_PERC,,,24,26.5,26.5,29,,ALLIES_CRIT_MULT_PERC,,,48,53,53,58,,ALLIES_CRIT_MULT_PERC,,,,,,,,,,,,,,,,,,,
Wind-Vast,Highlight,A0,HIGHLIGHT,Support,Normal,7.20,7.95,7.95,8.70,,ALLY_ATK_PERC,,,24.4,26.9,25.9,28.4,,ALLY_CRIT_MULT_PERC,,,,,,,,,,,,,,,,,,,,,,,,,,,,,,,,,,,
Wind-Vast,Highlight,A4,HIGHLIGHT,Support,Normal,7.20,7.95,7.95,8.70,,ALLIES_ATK_PERC,,,24.4,26.9,25.9,28.4,,ALLIES_CRIT_MULT_PERC,,,12,12,12,12,,ALLY_CRIT_MULT_PERC,,,,,,,,,,,,,,,,,,,,,,,,,,,
Wind-Vast,Buff,A0,Blossom::Passive,Support,Normal,0,0,0,0,,BLOSSOM,,,,,,,,,,,,,,,,,,,,,,,,,,,,,,,,,,,,,,,,,,,
Wind-Vast,Passive,A0,Bloom(10)::Passive,Passive,Normal,30,30,30,30,,ALLY_ATK_PERC,,,23.04,25.44,25.44,27.84,,ALLY_ATK_PERC,Blossom&5,DBuff&Stack,14.4,15.9,15.9,17.4,,ALLY_CRIT_MULT_PERC,Blossom&5,DBuff&Stack,,14.4,15.9,15.9,17.4,,ALLY_CRIT_MULT_PERC,Blossom&10,DBuff&Stack,,,,,,,,,,,,,,,,x percent of crit dmg over 100%. This is fucking hard cause that means I need to calculate other buffing her too???
Wind-Vast,Passive,A2,Bloom(10)::Passive,Passive,Normal,30,30,30,30,,ALLY_ATK_PERC,,,23.04,25.44,25.44,27.84,,ALLY_ATK_PERC,Blossom&5,DBuff&Stack,28.8,31.8,31.8,34.8,,ALLY_CRIT_MULT_PERC,Blossom&5,DBuff&Stack,,28.8,31.8,31.8,34.8,,ALLY_CRIT_MULT_PERC,Blossom&10,DBuff&Stack,,,,,,,,,,,,,,,,x percent of crit dmg over 100%. This is fucking hard cause that means I need to calculate other buffing her too???
Wind-Vast,Passive,A0,Abundant::Passive,Passive,Normal,84,84,84,84,,PARTY_CRIT_MULT_PERC,,,,,,,,,,,,,,,,,,,,,,,,,,,,,,,,,,,,,,,,,,,
Rin-Lion Dance,S1,A0,,,,,,,,,,,,,,,,,,,,,,,,,,,,,,,,,,,,,,,,,,,,,,,,,,,,
Rin-Lion Dance,S2,A0,,,,,,,,,,,,,,,,,,,,,,,,,,,,,,,,,,,,,,,,,,,,,,,,,,,,
Rin-Lion Dance,S3,A0,,,,,,,,,,,,,,,,,,,,,,,,,,,,,,,,,,,,,,,,,,,,,,,,,,,,
Rin-Lion Dance,Highlight,A0,,,,,,,,,,,,,,,,,,,,,,,,,,,,,,,,,,,,,,,,,,,,,,,,,,,,
Rin-Lion Dance,Passive,A0,,,,,,,,,,,,,,,,,,,,,,,,,,,,,,,,,,,,,,,,,,,,,,,,,,,,
Rin-Lion Dance,Passive,A0,,,,,,,,,,,,,,,,,,,,,,,,,,,,,,,,,,,,,,,,,,,,,,,,,,,,
Rin-Lion Dance,,,,,,,,,,,,,,,,,,,,,,,,,,,,,,,,,,,,,,,,,,,,,,,,,,,,,,
Matoi,S1,A0,,,,,,,,,,,,,,,,,,,,,,,,,,,,,,,,,,,,,,,,,,,,,,,,,,,,
Matoi,S2,A0,,,,,,,,,,,,,,,,,,,,,,,,,,,,,,,,,,,,,,,,,,,,,,,,,,,,
Matoi,S3,A0,,,,,,,,,,,,,,,,,,,,,,,,,,,,,,,,,,,,,,,,,,,,,,,,,,,,
Matoi,Highlight,A0,,,,,,,,,,,,,,,,,,,,,,,,,,,,,,,,,,,,,,,,,,,,,,,,,,,,
Matoi,Passive,A0,,,,,,,,,,,,,,,,,,,,,,,,,,,,,,,,,,,,,,,,,,,,,,,,,,,,
Matoi,Passive,A0,,,,,,,,,,,,,,,,,,,,,,,,,,,,,,,,,,,,,,,,,,,,,,,,,,,,
Matoi,,,,,,,,,,,,,,,,,,,,,,,,,,,,,,,,,,,,,,,,,,,,,,,,,,,,,,
Crow,S1,A0,,,,,,,,,,,,,,,,,,,,,,,,,,,,,,,,,,,,,,,,,,,,,,,,,,,,
Crow,S2,A0,,,,,,,,,,,,,,,,,,,,,,,,,,,,,,,,,,,,,,,,,,,,,,,,,,,,
Crow,S3,A0,,,,,,,,,,,,,,,,,,,,,,,,,,,,,,,,,,,,,,,,,,,,,,,,,,,,
Crow,Highlight,A0,,,,,,,,,,,,,,,,,,,,,,,,,,,,,,,,,,,,,,,,,,,,,,,,,,,,
Crow,Passive,A0,,,,,,,,,,,,,,,,,,,,,,,,,,,,,,,,,,,,,,,,,,,,,,,,,,,,
Crow,Passive,A0,,,,,,,,,,,,,,,,,,,,,,,,,,,,,,,,,,,,,,,,,,,,,,,,,,,,
Crow,,,,,,,,,,,,,,,,,,,,,,,,,,,,,,,,,,,,,,,,,,,,,,,,,,,,,,
Turbo,S1,A0,,,,,,,,,,,,,,,,,,,,,,,,,,,,,,,,,,,,,,,,,,,,,,,,,,,,
Turbo,S2,A0,,,,,,,,,,,,,,,,,,,,,,,,,,,,,,,,,,,,,,,,,,,,,,,,,,,,
Turbo,S3,A0,,,,,,,,,,,,,,,,,,,,,,,,,,,,,,,,,,,,,,,,,,,,,,,,,,,,
Turbo,Highlight,A0,,,,,,,,,,,,,,,,,,,,,,,,,,,,,,,,,,,,,,,,,,,,,,,,,,,,
Turbo,Passive,A0,,,,,,,,,,,,,,,,,,,,,,,,,,,,,,,,,,,,,,,,,,,,,,,,,,,,
Turbo,Passive,A0,,,,,,,,,,,,,,,,,,,,,,,,,,,,,,,,,,,,,,,,,,,,,,,,,,,,
Turbo,,,,,,,,,,,,,,,,,,,,,,,,,,,,,,,,,,,,,,,,,,,,,,,,,,,,,,
Luce,S1,A0,,,,,,,,,,,,,,,,,,,,,,,,,,,,,,,,,,,,,,,,,,,,,,,,,,,,
Luce,S2,A0,,,,,,,,,,,,,,,,,,,,,,,,,,,,,,,,,,,,,,,,,,,,,,,,,,,,
Luce,S3,A0,,,,,,,,,,,,,,,,,,,,,,,,,,,,,,,,,,,,,,,,,,,,,,,,,,,,
Luce,Highlight,A0,,,,,,,,,,,,,,,,,,,,,,,,,,,,,,,,,,,,,,,,,,,,,,,,,,,,
Luce,Passive,A0,,,,,,,,,,,,,,,,,,,,,,,,,,,,,,,,,,,,,,,,,,,,,,,,,,,,
Luce,Passive,A0,,,,,,,,,,,,,,,,,,,,,,,,,,,,,,,,,,,,,,,,,,,,,,,,,,,,
Luce,,,,,,,,,,,,,,,,,,,,,,,,,,,,,,,,,,,,,,,,,,,,,,,,,,,,,,
Ange,S1,A0,Choir of Doves::S1,Support,Normal,28,31.8,31.4,34.2,,PARTY_ALL_PERC,,,,,,,,,,,,,,,,,,,,,,,,,,,,,,,,,,,,,,,,,,,
Ange,S2,A0,Poem of Radiance::S2,Heal,Normal,10,10,11.2,11.2,,HEAL_SKILL_AOE,,,50,50,50,50,,SELF_HEAL_PERC,,,,,,,,,,,,,,,,,,,,,,,,,,,,,,,,,,,
Ange,S3,A0,Wheel of Time::S3,Support,Normal,634,697.6,800.8,864.4,,PARTY_ATK_FLAT,,,12,13.2,15.6,16.8,,PARTY_PIERCE_PERC,Holy Song&12,DBuff&Stack,24,26.4,31.2,33.6,,PARTY_ATK_PERC,Holy Song&12,DBuff&Stack,,,,,,,,,,,,,,,,,,,,,,,,,
Ange,S3,A1,Wheel of Time::S3,Support,Normal,634,697.6,800.8,864.4,,PARTY_ATK_FLAT,,,12,13.2,15.6,16.8,,PARTY_PIERCE_PERC,Holy Song&12,DBuff&Stack,24,26.4,31.2,33.6,,PARTY_ATK_PERC,Holy Song&12,DBuff&Stack,12,12,12,12,,PARTY_CRIT_PERC,,,,,,,,,,,,,,,,,,,
Ange,S3,A4,Wheel of Time::S3,Support,Normal,634,697.6,800.8,864.4,,PARTY_ATK_FLAT,,,14,15.4,18.2,19.6,,PARTY_PIERCE_PERC,Holy Song&14,DBuff&Stack,28,30.8,36.4,39.2,,PARTY_ATK_PERC,Holy Song&14,DBuff&Stack,12,12,12,12,,PARTY_CRIT_PERC,,,,,,,,,,,,,,,,,,,
Ange,Buff,A0,Myriad Song,Support,Normal,0,0,0,0,,MYRIAD_SONG,,,,,,,,,,,,,,,,,,,,,,,,,,,,,,,,,,,,,,,,,,,
Ange,Buff,A2,Myriad Song,Support,Normal,12,12,12,12,,ALLY_DMG_PERC,,,0,0,0,0,0,MYRIAD_SONG,,,,,,,,,,,,,,,,,,,,,,,,,,,,,,,,,,,
Ange,Buff,A0,Holy Song(12),Support,Normal,0,0,0,0,,HOLY_SONG,,,,,,,,,,,,,,,,,,,,,,,,,,,,,,,,,,,,,,,,,,,
Ange,Buff,A4,Holy Song(14),Support,Normal,0,0,0,0,,HOLY_SONG,,,,,,,,,,,,,,,,,,,,,,,,,,,,,,,,,,,,,,,,,,,
Ange,Passive,A0,Stat Buff::Passive,Passive,Normal,15,15,15,15,,PARTY_ALL_PERC,,,,,,,,,,,,,,,,,,,,,,,,,,,,,,,,,,,,,,,,,,,
Ange,Passive,A0,Grace::Passive,Passive,Normal,37.5,37.5,37.5,37.5,,PARTY_ATK_PERC,Myriad Song,DBuff,,,,,,,,,,,,,,,,,,,,,,,,,,,,,,,,,,,,,,,,,
Ange,Passive,A0,Resilience::Passive,Passive,Normal,12,12,12,12,,PARTY_PIERCE_PERC,Holy Song&12,DBuff&Stack,,,,,,,,,,,,,,,,,,,,,,,,,,,,,,,,,,,,,,,,,
Makoto Yuki,S1,A0,Melodic Blaze::S1,Fire,Normal,59.8,66,63.2,69.6,3,DMG_SKILL_SINGLE,,,,,,,,,,,,,,,,,,,,,,,,,,,,,,,,,,,,,,,,,,,
Makoto Yuki,S1,A1,Melodic Blaze::S1,Fire,Normal,59.8,66,63.2,69.6,4,DMG_SKILL_SINGLE,,,,,,,,,,,,,,,,,,,,,,,,,,,,,,,,,,,,,,,,,,,
Makoto Yuki,S2,A0,Moonlit Hymn::S2,Support,Normal,23.4,25.8,24.9,27.3,,PARTY_CRIT_MULT_PERC,,,19.5,21.5,20.7,22.7,,SELF_ATK_PERC,,,,,,,,,,,,,,,,,,,,,,,,,,,,,,,,,,,
Makoto Yuki,S2,A1,Moonlit Hymn::S2,Support,Normal,23.4,25.8,24.9,27.3,,PARTY_CRIT_MULT_PERC,,,19.5,21.5,20.7,22.7,,SELF_ATK_PERC,,,10,10,10,10,,PARTY_PIERCE_PERC,,,,,,,,,,,,,,,,,,,,,,,,,,,
Makoto Yuki,S3,A0,Scarlet: Devouring Blaze::S3,Fire,Normal,100.97,114.07,108.81,122.23,4,DMG_SKILL_SINGLE,,,134.6,148.4,142.9,156.7,1,DMG_SKILL_SINGLE,Theurgy,DBuff,11.7,12.9,12.4,13.6,,SELF_PIERCE_PERC,S3,Self Skill,24.4,26.9,25.9,28.4,,SELF_DMG_PERC,S3,Self Skill,,,,,,,,,,,,,,,,,
Makoto Yuki,S3,A1,Scarlet: Devouring Blaze::S3,Fire,Normal,100.97,114.07,108.81,122.23,4,DMG_SKILL_SINGLE,,,134.6,148.4,142.9,156.7,1,DMG_SKILL_SINGLE,Theurgy,DBuff,11.7,12.9,12.4,13.6,,SELF_PIERCE_PERC,S3,Self Skill,24.4,26.9,25.9,28.4,,SELF_DMG_PERC,S3,,16,16,16,16,,SELF_CRIT_PERC,S3,Self Skill,,,,,,,,,
Makoto Yuki,S3,A6,Scarlet: Devouring Blaze::S3,Fire,Normal,100.97,114.07,108.81,122.23,4,DMG_SKILL_SINGLE,,,134.6,148.4,142.9,156.7,2,DMG_SKILL_SINGLE,Theurgy,DBuff,11.7,12.9,12.4,13.6,,SELF_PIERCE_PERC,S3,Self Skill,24.4,26.9,25.9,28.4,,SELF_DMG_PERC,S3,,16,16,16,16,,SELF_CRIT_PERC,S3,Self Skill,20,20,20,20,,SELF_DMG_PERC,S3,Self Skill,"At A6, he uses 2 Theurgies, so he gains 2 stacks of special moon phases, making the follow up 2 hits"
Makoto Yuki,Theurgy,A0,Theurgy - Ardhanari,Fire,Normal,147.5,162.6,156.5,171.6,4,DMG_SKILL_SINGLE,,,,,,,,,,,,,,,,,,,,,,,,,,,,,,,,,,,,,,,,,,,
Makoto Yuki,Theurgy,A4,Theurgy - Ardhanari,Fire,Normal,147.5,162.6,156.5,171.6,5,DMG_SKILL_SINGLE,,,,,,,,,,,,,,,,,,,,,,,,,,,,,,,,,,,,,,,,,,,
Makoto Yuki,Theurgy,A0,Theurgy - Cadenza,Support,Normal,25,26.9,26.5,28.4,,PARTY_ATK_PERC,,,20,21.5,21.2,22.7,,PARTY_DMG_PERC,,,,,,,,,,,,,,,,,,,,,,,,,,,,,,,,,,,
Makoto Yuki,Theurgy,A4,Theurgy - Cadenza,Support,Normal,25,26.9,26.5,28.4,,PARTY_ATK_PERC,,,20,21.5,21.2,22.7,,PARTY_DMG_PERC,,,10,10,10,10,,PARTY_DMG_PERC,,,,,,,,,,,,,,,,,,,,,,,,,,,
Makoto Yuki,Assist,A0,Assist Skill,Support,Normal,20,20,20,20,,ALLY_ATK_PERC,,,,,,,,,,,,,,,,,,,,,,,,,,,,,,,,,,,,,,,,,,,
Makoto Yuki,Buff,A0,Theurgy- Ardhanari,Support,Normal,0,0,0,0,,NO_VALUE_BUFF,,,,,,,,,,,,,,,,,,,,,,,,,,,,,,,,,,,,,,,,,,,Buff that he gains after certain action
Makoto Yuki,Passive,A0,Lead::Passive,Passive,Normal,40,40,40,40,,PARTY_ATK_PERC,Theurgy,DBuff,20,20,20,20,,PARTY_ATK_PERC,Theurgy&SEES,DBuff&DBuff,,,,,,,,,,,,,,,,,,,,,,,,,,,,,,,,,"After using Theurgy, which means it needs Theurgy buff for it to be active"
Makoto Yuki,Passive,A0,Trust::Passive,Passive,Normal,7.2,7.2,7.2,7.2,,SELF_CRIT_MULT_PERC,,,,,,,,,,,,,,,,,,,,,,,,,,,,,,,,,,,,,,,,,,,
Makoto Yuki,Passive,A0,Great Guide::Passive,Passive,Normal,12,12,12,12,,SELF_PIERCE_PERC,,,16,16,16,16,,SELF_DMG_PERC,,,,,,,,,,,,,,,,,,,,,,,,,,,,,,,,,,,
Yukari,S1,A0,Wind Burst,Wind,Normal,200.1,220.6,212.4,232.9,1,DMG_SKILL_SINGLE,,,,,,,,,,,,,,,,,,,,,,,,,,,,,,,,,,,,,,,,,,,
Yukari,Buff,A0,Wind Erosion::S1|Theurgy,Support,Normal,29.3,32.3,31.1,34.1,,PARTY_ATK_PERC,,,,,,,,,,,,,,,,,,,,,,,,,,,,,,,,,,,,,,,,,,,
Yukari,S2,A0,Windchaser’s Breath,Support,Normal,29.3,32.3,31.1,34.1,,PARTY_DMG_TAKEN_DEC,,,31.2,31.2,31.2,31.2,,ALLY_ATK_PERC,,,9.8,10.8,10.4,11.4,,PARTY_DMG_PERC,,,,,,,,,,,,,,,,,,,,,,,,,,,
Yukari,S3,A0,Arrow of Rejuvenation,Medic,Normal,39.1,43.1,41.5,45.6,,HEAL_SKILL_AOE,,,,,,,,,,,,,,,,,,,,,,,,,,,,,,,,,,,,,,,,,,,
Yukari,Buff,A0,Wind Whisper(2)::S3,Support,Normal,58.6,64.6,62.2,68.2,,ALLY_ATK_PERC,Theurgy&2,DBuff&Stack,19.6,21.6,20.8,22.8,,ALLY_DMG_PERC,SEES,Exclusive,35,35,35,35,,ALLY_THEURGY_RES,2,Stack,,,,,,,,,,,,,,,,,,,,,,,,,
Yukari,Buff,A6,Wind Whisper(2)::S3,Support,Normal,58.6,64.6,62.2,68.2,,ALLY_ATK_PERC,Theurgy&2,DBuff&Stack,19.6,21.6,20.8,22.8,,ALLY_DMG_PERC,SEES,Exclusive,70,70,70,70,,ALLY_THEURGY_RES,2,Stack,,,,,,,,,,,,,,,,,,,,,,,,,
Yukari,Theurgy,A0,Theurgy - Cyclone Arrow,Wind|Support,Normal,406,447.6,431,472.6,1,DMG_SKILL_SINGLE,,,19.5,21.5,20.7,22.7,,PARTY_DMG_PERC,,,,,,,,,,,,,,,,,,,,,,,,,,,,,,,,,,,"Windswept, remove 2 buffs"
Yukari,Theurgy,A2,Theurgy - Cyclone Arrow,Wind|Support,Normal,406,447.6,431,472.6,1,DMG_SKILL_SINGLE,,,19.5,21.5,20.7,22.7,,PARTY_DMG_PERC,,,30,30,30,30,,PARTY_CRIT_MULT_PERC,,,,,,,,,,,,,,,,,,,,,,,,,,,
Yukari,Theurgy,A4,Theurgy - Cyclone Arrow,Wind|Support,Normal,406,447.6,431,472.6,1,DMG_SKILL_SINGLE,,,19.5,21.5,20.7,22.7,,PARTY_DMG_PERC,,,30,30,30,30,,PARTY_CRIT_MULT_PERC,,,10,10,10,10,,PARTY_DMG_PERC,,,,,,,,,,,,,,,,,,,
Yukari,Passive,A0,Chemistry::Passive,Passive,Normal,45,45,45,45,,PARTY_DMG_PERC,Theurgy|Highlight,Skill|Skill,,,,,,,,,,,,,,,,,,,,,,,,,,,,,,,,,,,,,,,,,
Yukari,Buff,A1,Pull the Trigger::A1,Passive,Normal,20,20,20,20,,ALLY_PIERCE_PERC,Buff,,,,,,,,,,,,,,,,,,,,,,,,,,,,,,,,,,,,,,,,,,
Akihiko,S1,A0,,,,,,,,,,,,,,,,,,,,,,,,,,,,,,,,,,,,,,,,,,,,,,,,,,,,
Akihiko,S2,A0,,,,,,,,,,,,,,,,,,,,,,,,,,,,,,,,,,,,,,,,,,,,,,,,,,,,
Akihiko,S3,A0,,,,,,,,,,,,,,,,,,,,,,,,,,,,,,,,,,,,,,,,,,,,,,,,,,,,
Akihiko,Highlight,A0,,,,,,,,,,,,,,,,,,,,,,,,,,,,,,,,,,,,,,,,,,,,,,,,,,,,
Akihiko,Passive,A0,,,,,,,,,,,,,,,,,,,,,,,,,,,,,,,,,,,,,,,,,,,,,,,,,,,,
Akihiko,Passive,A0,,,,,,,,,,,,,,,,,,,,,,,,,,,,,,,,,,,,,,,,,,,,,,,,,,,,
Akihiko,,,,,,,,,,,,,,,,,,,,,,,,,,,,,,,,,,,,,,,,,,,,,,,,,,,,,,
Berry,S1,A0,,,,,,,,,,,,,,,,,,,,,,,,,,,,,,,,,,,,,,,,,,,,,,,,,,,,
Berry,S2,A0,,,,,,,,,,,,,,,,,,,,,,,,,,,,,,,,,,,,,,,,,,,,,,,,,,,,
Berry,S3,A0,,,,,,,,,,,,,,,,,,,,,,,,,,,,,,,,,,,,,,,,,,,,,,,,,,,,
Berry,Highlight,A0,,,,,,,,,,,,,,,,,,,,,,,,,,,,,,,,,,,,,,,,,,,,,,,,,,,,
Berry,Passive,A0,,,,,,,,,,,,,,,,,,,,,,,,,,,,,,,,,,,,,,,,,,,,,,,,,,,,
Berry,Passive,A0,,,,,,,,,,,,,,,,,,,,,,,,,,,,,,,,,,,,,,,,,,,,,,,,,,,,
Berry,,,,,,,,,,,,,,,,,,,,,,,,,,,,,,,,,,,,,,,,,,,,,,,,,,,,,,
Marian-Summer,S1,A0,,,,,,,,,,,,,,,,,,,,,,,,,,,,,,,,,,,,,,,,,,,,,,,,,,,,
Marian-Summer,S2,A0,,,,,,,,,,,,,,,,,,,,,,,,,,,,,,,,,,,,,,,,,,,,,,,,,,,,
Marian-Summer,S3,A0,,,,,,,,,,,,,,,,,,,,,,,,,,,,,,,,,,,,,,,,,,,,,,,,,,,,
Marian-Summer,Highlight,A0,,,,,,,,,,,,,,,,,,,,,,,,,,,,,,,,,,,,,,,,,,,,,,,,,,,,
Marian-Summer,Passive,A0,,,,,,,,,,,,,,,,,,,,,,,,,,,,,,,,,,,,,,,,,,,,,,,,,,,,
Marian-Summer,Passive,A0,,,,,,,,,,,,,,,,,,,,,,,,,,,,,,,,,,,,,,,,,,,,,,,,,,,,
Marian-Summer,,,,,,,,,,,,,,,,,,,,,,,,,,,,,,,,,,,,,,,,,,,,,,,,,,,,,,
Puppet-Summer,S1,A0,,,,,,,,,,,,,,,,,,,,,,,,,,,,,,,,,,,,,,,,,,,,,,,,,,,,
Puppet-Summer,S2,A0,,,,,,,,,,,,,,,,,,,,,,,,,,,,,,,,,,,,,,,,,,,,,,,,,,,,
Puppet-Summer,S3,A0,,,,,,,,,,,,,,,,,,,,,,,,,,,,,,,,,,,,,,,,,,,,,,,,,,,,
Puppet-Summer,Highlight,A0,,,,,,,,,,,,,,,,,,,,,,,,,,,,,,,,,,,,,,,,,,,,,,,,,,,,
Puppet-Summer,Passive,A0,,,,,,,,,,,,,,,,,,,,,,,,,,,,,,,,,,,,,,,,,,,,,,,,,,,,
Puppet-Summer,Passive,A0,,,,,,,,,,,,,,,,,,,,,,,,,,,,,,,,,,,,,,,,,,,,,,,,,,,,
Puppet-Summer,,,,,,,,,,,,,,,,,,,,,,,,,,,,,,,,,,,,,,,,,,,,,,,,,,,,,,
Blitz,S1,A0,,,,,,,,,,,,,,,,,,,,,,,,,,,,,,,,,,,,,,,,,,,,,,,,,,,,
Blitz,S2,A0,,,,,,,,,,,,,,,,,,,,,,,,,,,,,,,,,,,,,,,,,,,,,,,,,,,,
Blitz,S3,A0,,,,,,,,,,,,,,,,,,,,,,,,,,,,,,,,,,,,,,,,,,,,,,,,,,,,
Blitz,Highlight,A0,,,,,,,,,,,,,,,,,,,,,,,,,,,,,,,,,,,,,,,,,,,,,,,,,,,,
Blitz,Passive,A0,,,,,,,,,,,,,,,,,,,,,,,,,,,,,,,,,,,,,,,,,,,,,,,,,,,,
Blitz,Passive,A0,,,,,,,,,,,,,,,,,,,,,,,,,,,,,,,,,,,,,,,,,,,,,,,,,,,,
Bui-Prism,S1,A0,,,,,,,,,,,,,,,,,,,,,,,,,,,,,,,,,,,,,,,,,,,,,,,,,,,,
Bui-Prism,S2,A0,,,,,,,,,,,,,,,,,,,,,,,,,,,,,,,,,,,,,,,,,,,,,,,,,,,,
Bui-Prism,S3,A0,,,,,,,,,,,,,,,,,,,,,,,,,,,,,,,,,,,,,,,,,,,,,,,,,,,,
Bui-Prism,Highlight,A0,,,,,,,,,,,,,,,,,,,,,,,,,,,,,,,,,,,,,,,,,,,,,,,,,,,,
Bui-Prism,Passive,A0,,,,,,,,,,,,,,,,,,,,,,,,,,,,,,,,,,,,,,,,,,,,,,,,,,,,
Bui-Prism,Passive,A0,,,,,,,,,,,,,,,,,,,,,,,,,,,,,,,,,,,,,,,,,,,,,,,,,,,,
Bui-Prism,,,,,,,,,,,,,,,,,,,,,,,,,,,,,,,,,,,,,,,,,,,,,,,,,,,,,,
Mitsuru,S1,A0,,,,,,,,,,,,,,,,,,,,,,,,,,,,,,,,,,,,,,,,,,,,,,,,,,,,
Mitsuru,S2,A0,,,,,,,,,,,,,,,,,,,,,,,,,,,,,,,,,,,,,,,,,,,,,,,,,,,,
Mitsuru,S3,A0,,,,,,,,,,,,,,,,,,,,,,,,,,,,,,,,,,,,,,,,,,,,,,,,,,,,
Mitsuru,Highlight,A0,,,,,,,,,,,,,,,,,,,,,,,,,,,,,,,,,,,,,,,,,,,,,,,,,,,,
Mitsuru,Passive,A0,,,,,,,,,,,,,,,,,,,,,,,,,,,,,,,,,,,,,,,,,,,,,,,,,,,,
Mitsuru,Passive,A0,,,,,,,,,,,,,,,,,,,,,,,,,,,,,,,,,,,,,,,,,,,,,,,,,,,,
Mitsuru,,,,,,,,,,,,,,,,,,,,,,,,,,,,,,,,,,,,,,,,,,,,,,,,,,,,,,
Fuuka,S1,A0,,,,,,,,,,,,,,,,,,,,,,,,,,,,,,,,,,,,,,,,,,,,,,,,,,,,
Fuuka,S2,A0,,,,,,,,,,,,,,,,,,,,,,,,,,,,,,,,,,,,,,,,,,,,,,,,,,,,
Fuuka,S3,A0,,,,,,,,,,,,,,,,,,,,,,,,,,,,,,,,,,,,,,,,,,,,,,,,,,,,
Fuuka,Highlight,A0,,,,,,,,,,,,,,,,,,,,,,,,,,,,,,,,,,,,,,,,,,,,,,,,,,,,
Fuuka,Passive,A0,,,,,,,,,,,,,,,,,,,,,,,,,,,,,,,,,,,,,,,,,,,,,,,,,,,,
Fuuka,Passive,A0,,,,,,,,,,,,,,,,,,,,,,,,,,,,,,,,,,,,,,,,,,,,,,,,,,,,
Fuuka,,,,,,,,,,,,,,,,,,,,,,,,,,,,,,,,,,,,,,,,,,,,,,,,,,,,,,
Luce-Notte,S1,A0,,,,,,,,,,,,,,,,,,,,,,,,,,,,,,,,,,,,,,,,,,,,,,,,,,,,
Luce-Notte,S2,A0,,,,,,,,,,,,,,,,,,,,,,,,,,,,,,,,,,,,,,,,,,,,,,,,,,,,
Luce-Notte,S3,A0,,,,,,,,,,,,,,,,,,,,,,,,,,,,,,,,,,,,,,,,,,,,,,,,,,,,
Luce-Notte,Highlight,A0,,,,,,,,,,,,,,,,,,,,,,,,,,,,,,,,,,,,,,,,,,,,,,,,,,,,
Luce-Notte,Passive,A0,,,,,,,,,,,,,,,,,,,,,,,,,,,,,,,,,,,,,,,,,,,,,,,,,,,,
Luce-Notte,Passive,A0,,,,,,,,,,,,,,,,,,,,,,,,,,,,,,,,,,,,,,,,,,,,,,,,,,,,
Luce-Notte,,,,,,,,,,,,,,,,,,,,,,,,,,,,,,,,,,,,,,,,,,,,,,,,,,,,,,
SOY-Pioneer,S1,A0,,,,,,,,,,,,,,,,,,,,,,,,,,,,,,,,,,,,,,,,,,,,,,,,,,,,
SOY-Pioneer,S2,A0,,,,,,,,,,,,,,,,,,,,,,,,,,,,,,,,,,,,,,,,,,,,,,,,,,,,
SOY-Pioneer,S3,A0,,,,,,,,,,,,,,,,,,,,,,,,,,,,,,,,,,,,,,,,,,,,,,,,,,,,
SOY-Pioneer,Highlight,A0,,,,,,,,,,,,,,,,,,,,,,,,,,,,,,,,,,,,,,,,,,,,,,,,,,,,
SOY-Pioneer,Passive,A0,,,,,,,,,,,,,,,,,,,,,,,,,,,,,,,,,,,,,,,,,,,,,,,,,,,,
SOY-Pioneer,Passive,A0,,,,,,,,,,,,,,,,,,,,,,,,,,,,,,,,,,,,,,,,,,,,,,,,,,,,