Probably just put Wonder and his persona on the same page... only puts buff/debuff skills that also impact others,,,Effect 1,,,,,,,,,,Effect 2,,,,,,,,,, Effect 3,,,,,,,,,, Effect 4,,,,,,,,,, Effect 5,,,,,,,,,, Effect 6,,,,,,,,,,
Name,Persona,Type,R0/Rate,R1,R2,R3,R4,R5,R6,Buff/Debuff,Condition,ConditionType,R0/Rate,R1,R2,R3,R4,R5,R6,Buff/Debuff,Condition,ConditionType,R0/Rate,R1,R2,R3,R4,R5,R6,Buff/Debuff,Condition,ConditionType,R0/Rate,R1,R2,R3,R4,R5,R6,Buff/Debuff,Condition,ConditionType,R0/Rate,R1,R2,R3,R4,R5,R6,Buff/Debuff,Condition,ConditionType,R0/Rate,R1,R2,R3,R4,R5,R6,Buff/Debuff,Condition,ConditionType,
Thief Tactics::Highlight,,Highlight,29.5,29.5,29.5,29.5,29.5,29.5,29.5,PARTY_DMG_PERC,,,,,,,,,,,,,,,,,,,,,,,,,,,,,,,,,,,,,,,,,,,,,,,,,,,,,
Spirit Harmony,,Passive,10,10,10,10,10,10,10,ALLY_CRIT_MULT_PERC,,,10,10,10,10,10,10,10,ALLY_ATK_PERC,,,,,,,,,,,,,,,,,,,,,,,,,,,,,,,,,,,,,,,,,,,
Rakunda,,Support,38.8,38.8,38.8,38.8,38.8,38.8,38.8,DEF_DECR_PERC,,,,,,,,,,,,,,,,,,,,,,,,,,,,,,,,,,,,,,,,,,,,,,,,,,,,,
Marakunda,,Support,27.1,27.1,27.1,27.1,27.1,27.1,27.1,DEF_DECR_PERC_AOE,,,,,,,,,,,,,,,,,,,,,,,,,,,,,,,,,,,,,,,,,,,,,,,,,,,,,
Infinite Algorithm,,Support,30,30,30,30,30,30,30,PARTY_ATK_PERC,,,20,20,20,20,20,20,20,PARTY_DMG_PERC,,,,,,,,,,,,,,,,,,,,,,,,,,,,,,,,,,,,,,,,,,,
Melodic Infiltration,,Support,32,32,32,32,32,32,32,DEF_DECR_PERC_AOE,,,10,10,10,10,10,10,10,PARTY_DMG_PERC,,,,,,,,,,,,,,,,,,,,,,,,,,,,,,,,,,,,,,,,,,,
Auto-Mataru,,Passive,9.8,9.8,9.8,9.8,9.8,9.8,9.8,PARTY_ATK_PERC,,,,,,,,,,,,,,,,,,,,,,,,,,,,,,,,,,,,,,,,,,,,,,,,,,,,,
Tarukaja,,Support,25.9,25.9,25.9,25.9,25.9,25.9,25.9,ALLY_ATK_PERC,,,,,,,,,,,,,,,,,,,,,,,,,,,,,,,,,,,,,,,,,,,,,,,,,,,,,
Matarukaja,,Support,18.1,18.1,18.1,18.1,18.1,18.1,18.1,PARTY_ATK_PERC,,,,,,,,,,,,,,,,,,,,,,,,,,,,,,,,,,,,,,,,,,,,,,,,,,,,,
Rebellion,,Support,15.7,15.7,15.7,15.7,15.7,15.7,15.7,ALLY_CRIT_PERC,,,,,,,,,,,,,,,,,,,,,,,,,,,,,,,,,,,,,,,,,,,,,,,,,,,,,
Windswept,,Support,0,0,0,0,0,0,0,WINDSWEEP,,,,,,,,,,,,,,,,,,,,,,,,,,,,,,,,,,,,,,,,,,,,,,,,,,,,,
Zaou-Gongen::Passive,Zaou-Gongen,Passive,29.1,29.1,29.1,29.1,29.1,29.1,29.1,SELF_ATK_PERC,,,12,12,12,12,12,12,12,ALLY_ATK_PERC,4 hit,,10,10,10,10,10,10,,ALLY_DMG_PERC,,,,,,,,,,,,,,,,,,,,,,,,,,,,,,,,,
Zaou-Gongen::Signature,Zaou-Gongen,Signature,24,24,24,24,24,24,24,ALLY_CRIT_MULT_PERC,,,,,,,,,,,,,,,,,,,,,,,,,,,,,,,,,,,,,,,,,,,,,,,,,,,,,
Dominion::Passive,Dominion,Passive,29.1,29.1,29.1,29.1,29.1,29.1,29.1,SELF_ATK_PERC,,,6.4,6.4,6.4,6.4,6.4,6.4,6.4,ALLY_ATK_PERC,2 stacks,,15,15,15,15,15,15,,ALLY_DMG_PERC,,,,,,,,,,,,,,,,,,,,,,,,,,,,,,,,,
Dominion::Signature,Dominion,Signature,25,25,25,25,25,25,25,PARTY_ATK_PERC,,,16,16,16,16,16,16,16,ALLY_DMG_PERC,,,,,,,,,,,,,,,,,,,,,,,,,,,,,,,,,,,,,,,,,,,
Dionysus::Passive,Dionysus,Passive,14.8,14.8,14.8,14.8,14.8,14.8,14.8,SELF_CRIT_PERC,,,30,30,30,30,30,30,30,ALLY_CRIT_PERC,,,,,,,,,,,,,,,,,,,,,,,,,,,,,,,,,,,,,,,,,,,
Dionysus::Signature,Dionysus,Signature,10.9,10.9,10.9,10.9,10.9,10.9,10.9,PARTY_CRIT_PERC,,,,,,,,,,,,,,,,,,,,,,,,,,,,,,,,,,,,,,,,,,,,,,,,,,,,,
Succubus::Passive,Succubus,Passive,3.5,3.5,3.5,3.5,3.5,3.5,3.5,SELF_ATK_PERC,,,11.7,11.7,11.7,11.7,11.7,11.7,11.7,ALLY_CRIT_PERC,,,,,,,,,,,,,,,,,,,,,,,,,,,,,,,,,,,,,,,,,,,
Yurlungur::Passive,Yurlungur,Passive,17.4,17.4,17.4,17.4,17.4,17.4,17.4,SELF_CRIT_PERC,,,14,14,14,14,14,14,14,PARTY_DMG_PERC,,,9,9,9,9,9,9,,PARTY_DMG_PERC,Shocked,DBuff,,,,,,,,,,,,,,,,,,,,,,,,,,,,,,,
Yurlungur::Highlight,Yurlungur,Highlight,19.6,19.6,19.6,19.6,19.6,19.6,19.6,PARTY_DMG_PERC,,,,,,,,,,,,,,,,,,,,,,,,,,,,,,,,,,,,,,,,,,,,,,,,,,,,,
Nian::Passive,Nian,Passive,29.1,29.1,29.1,29.1,29.1,29.1,29.1,SELF_ATK_PERC,,,12,12,12,12,12,12,12,PARTY_DMG_PERC,1st Fire dmg taken,,,,,,,,,,,,,,,,,,,,,,,,,,,,,,,,,,,,,,,,,,
Nian::Signature,Nian,Signature,10,10,10,10,10,10,10,DEF_DECR_PERC,,,20,20,20,20,20,20,20,PARTY_DMG_PERC,DoT,,,,,,,,,,,,,,,,,,,,,,,,,,,,,,,,,,,,,,,,,,
Nian::Highlight,Nian,Highlight,19.6,19.6,19.6,19.6,19.6,19.6,19.6,PARTY_DMG_PERC,,,,,,,,,,,,,,,,,,,,,,,,,,,,,,,,,,,,,,,,,,,,,,,,,,,,,
Janosik::Passive,Janosik,Passive,29.1,29.1,29.1,29.1,29.1,29.1,29.1,SELF_ATK_PERC,,,20,20,20,20,20,20,20,ALLY_ATK_PERC,,,4.5,4.5,4.5,4.5,4.5,4.5,,ALLY_CRIT_PERC,,,4.5,4.5,4.5,4.5,4.5,4.5,4.5,ALLY_CRIT_MULT_PERC,,,12,12,12,12,12,12,12,DEF_DECR_PERC,,,29.6,29.6,29.6,29.6,29.6,29.6,29.6,DEF_DECR_PERC,Marked,DBuff,
Janosik::Marked,Janosik,Signature,29.6,29.6,29.6,29.6,29.6,29.6,29.6,DEF_DECR_PERC,,,,,,,,,,,,,,,,,,,,,,,,,,,,,,,,,,,,,,,,,,,,,,,,,,,,,
Norn::Passive,Norn,Passive,31.5,31.5,31.5,31.5,31.5,31.5,31.5,DEF_DECR_PERC,,,,,,,,,,,,,,,,,,,,,,,,,,,,,,,,,,,,,,,,,,,,,,,,,,,,,After inflict Windswept
Norn::Highlight,Norn,Highlight,48.6,48.6,48.6,48.6,48.6,48.6,48.6,PARTY_ATK_PERC,,,,,,,,,,,,,,,,,,,,,,,,,,,,,,,,,,,,,,,,,,,,,,,,,,,,,
Vishnu::Passive,Vishnu,Passive,17.5,17.5,17.5,17.5,17.5,17.5,17.5,SELF_CRIT_PERC,,,48,48,48,48,48,48,48,DEF_DECR_PERC,,,,,,,,,,,,,,,,,,,,,,,,,,,,,,,,,,,,,,,,,,,After inflict or resetting Windswept
Vishnu::Signature,Vishnu,Signature,27,27,27,27,27,27,27,PARTY_DMG_PERC,Wind,Skill,,,,,,,,,,,,,,,,,,,,,,,,,,,,,,,,,,,,,,,,,,,,,,,,,,,
Ex Machina,,Weapon,28,28,37.3,37.3,46.7,46.7,56,SELF_ATK_PERC,,,120,160,160,199,199,240,240,PARTY_ATK_FLAT,,,17,22.7,22.7,28.3,28.3,34,34,SELF_DMG_PERC,,,6.8,9.08,9.08,11.32,11.32,13.6,13.6,PARTY_DMG_PERC,,,,,,,,,,,,,,,,,,,,,,,Buff of that element
Flame's Inferno,,Weapon,28,28,37.3,37.3,46.7,46.7,56,SELF_ATK_PERC,,,180,240,240,300,300,360,360,SELF_ATK_PERC,1 stack,,150,200,200,249,249,300,300,PARTY_ATK_FLAT,1 stack,,8,10.7,10.7,13.3,13.3,16,16,SELF_DMG_PERC,2 stacks,,3,4,4,5,5,6,6,PARTY_DMG_PERC,,,12,16,16,20,20,24,24,PARTY_DMG_PERC,Fire,Skill,